driver_id,avg_monthly_net_income,income_std,coefficient_of_variation,min_income,months_with_income,tenure_months,active_days_monthly,trips_per_day,trips_per_month,completion_rate,cancellation_rate,avg_rating,peak_hour_share,weekend_share,income_slope_3m,recent_vs_historical_income,estimated_disposable_income,requested_emi_to_income,target_default
syn_00001,71423.81,11700.09,0.1638,53873.67,12,46,23.1,14.4,332,0.9241,0.0533,4.89,0.373,0.276,0.0916,1.092,28999.35,0.0446,0
syn_00002,57319.33,9495.49,0.1657,43076.1,12,30,23.0,15.6,359,0.9456,0.0328,4.93,0.543,0.243,-0.0101,0.99,27600.24,0.1331,1
syn_00003,78900.23,15241.6,0.1932,56037.82,12,46,24.1,13.9,334,0.9679,0.032,4.78,0.508,0.337,0.049,1.049,32991.02,0.0419,0
syn_00004,72804.25,15400.27,0.2115,49703.84,12,47,28.3,18.4,519,0.9845,0.0144,4.8,0.631,0.289,-0.041,0.959,38023.08,0.0814,0
syn_00005,52509.58,10097.99,0.1923,37362.59,12,34,22.5,21.9,492,0.9741,0.0199,4.75,0.549,0.283,0.1131,1.113,23849.77,0.1783,0
syn_00006,58405.87,10638.33,0.1821,42448.37,12,27,26.5,21.0,555,0.9531,0.016,4.91,0.509,0.307,0.1022,1.102,26037.72,0.1379,0
syn_00007,49005.73,8286.75,0.1691,36575.62,12,21,24.2,17.6,425,0.9835,0.0225,4.84,0.623,0.358,0.1011,1.101,28648.95,0.1032,0
syn_00008,17425.41,11598.68,0.6656,6970.16,11,11,13.3,9.8,131,0.8023,0.2068,4.15,0.303,0.328,-0.2816,0.718,7604.4,0.3808,1
syn_00009,51835.69,6596.93,0.1273,41940.3,12,24,28.6,15.9,454,0.9563,0.0452,4.83,0.315,0.352,0.1444,1.144,28491.15,0.225,0
syn_00010,56916.69,11790.7,0.2072,39230.63,12,19,23.7,14.3,338,0.9543,0.0593,4.81,0.447,0.358,0.0844,1.084,31444.9,0.1731,0
syn_00011,29805.8,11536.65,0.3871,12500.83,12,16,18.2,10.1,184,0.8241,0.1132,4.67,0.455,0.434,-0.1462,0.854,16533.3,0.2373,1
syn_00012,51631.15,10814.51,0.2095,35409.38,12,28,28.1,15.3,431,0.9662,0.0509,4.88,0.66,0.358,0.0559,1.056,30017.29,0.1003,0
syn_00013,71230.58,14644.68,0.2056,49263.56,12,28,28.2,20.0,564,0.9649,0.0142,4.79,0.364,0.337,0.1297,1.13,42607.33,0.1187,1
syn_00014,32485.39,11773.87,0.3624,14824.58,12,18,17.7,11.0,193,0.8946,0.1185,4.71,0.406,0.261,0.0013,1.001,18882.62,0.2281,1
syn_00015,26596.61,15478.28,0.582,10638.64,7,7,15.4,8.0,123,0.7481,0.2434,4.18,0.682,0.429,-0.1333,0.867,15828.62,0.222,1
syn_00016,77706.19,10874.65,0.1399,61394.21,12,18,28.8,21.7,623,0.9797,0.0247,4.84,0.674,0.374,0.1202,1.12,43989.59,0.0753,0
syn_00017,40300.14,16845.89,0.418,16120.06,9,9,17.0,12.1,205,0.9077,0.1267,4.67,0.665,0.328,0.0116,1.012,21813.73,0.1528,1
syn_00018,68798.85,12265.14,0.1783,50401.14,12,41,27.6,21.0,579,0.9437,0.0288,4.77,0.415,0.348,0.0657,1.066,34872.79,0.0483,0
syn_00019,74323.22,9693.73,0.1304,59782.62,12,19,22.9,17.7,405,0.9739,0.0208,4.89,0.69,0.329,-0.0329,0.967,36695.53,0.0466,0
syn_00020,56666.63,8015.84,0.1415,44642.88,12,41,22.5,13.2,298,0.9874,0.0518,4.91,0.52,0.379,0.0318,1.032,32227.03,0.0805,0
syn_00021,47097.31,17312.0,0.3676,21129.31,12,12,19.9,12.7,251,0.862,0.0823,4.59,0.339,0.323,0.0243,1.024,27165.04,0.0868,1
syn_00022,61883.25,8403.17,0.1358,49278.5,12,23,26.3,18.7,492,0.9232,0.0287,4.89,0.328,0.361,0.0506,1.051,28977.53,0.173,0
syn_00023,78087.37,12538.21,0.1606,59280.06,12,35,24.7,18.8,464,0.9521,0.0373,4.97,0.428,0.411,0.0272,1.027,32713.13,0.1492,0
syn_00024,57019.35,5504.82,0.0965,48762.12,12,42,26.9,18.7,501,0.9814,0.0468,4.93,0.696,0.303,0.0064,1.006,25651.7,0.0806,0
syn_00025,58905.71,12388.23,0.2103,40323.37,12,41,28.0,16.9,472,0.9726,0.0477,4.77,0.304,0.426,0.1305,1.131,25606.81,0.1281,0
syn_00026,78401.98,16706.29,0.2131,53342.55,12,27,26.0,18.7,486,0.9514,0.0247,4.83,0.336,0.324,0.0845,1.085,34628.92,0.1246,0
syn_00027,62128.98,12691.62,0.2043,43091.55,12,34,24.5,14.1,343,0.93,0.0481,4.89,0.695,0.294,-0.0298,0.97,28567.29,0.0605,0
syn_00028,78311.95,17075.15,0.218,52699.23,12,42,27.3,16.4,446,0.9258,0.0489,4.88,0.305,0.317,0.0348,1.035,45245.55,0.1425,0
syn_00029,51760.84,8845.38,0.1709,38492.77,12,21,27.2,18.3,496,0.9874,0.0287,4.82,0.522,0.442,0.1237,1.124,21085.06,0.0968,0
syn_00030,70263.96,10092.42,0.1436,55125.33,12,36,26.4,18.3,481,0.9831,0.0123,4.81,0.411,0.247,0.1401,1.14,35755.13,0.1567,0
syn_00031,66677.0,6059.8,0.0909,57587.3,12,28,28.8,21.9,630,0.9689,0.0368,4.82,0.646,0.211,0.1128,1.113,37837.64,0.1374,0
syn_00032,73937.71,16134.59,0.2182,49735.83,12,29,23.1,18.3,422,0.9467,0.0585,4.94,0.323,0.416,0.1177,1.118,38228.46,0.0976,0
syn_00033,47932.74,15869.87,0.3311,24127.93,12,23,21.4,14.7,313,0.905,0.0823,4.61,0.443,0.228,-0.1203,0.88,22948.52,0.2029,1
syn_00034,43446.37,14078.04,0.324,22329.3,12,16,22.0,12.3,270,0.8761,0.1389,4.6,0.582,0.253,-0.1192,0.881,19506.23,0.096,1
syn_00035,59218.8,9628.29,0.1626,44776.36,12,18,24.7,16.9,419,0.9833,0.0274,4.87,0.692,0.323,0.1067,1.107,28163.44,0.1109,0
syn_00036,55684.66,5046.19,0.0906,48115.37,12,37,22.9,14.2,324,0.9306,0.0169,4.9,0.567,0.243,-0.0136,0.986,23423.32,0.1097,0
syn_00037,53405.92,6355.45,0.119,43872.75,12,19,23.2,13.8,320,0.9284,0.033,4.8,0.668,0.215,0.0229,1.023,24669.32,0.141,0
syn_00038,71944.31,7614.08,0.1058,60523.19,12,42,23.5,16.3,383,0.9539,0.0409,4.83,0.585,0.424,0.0425,1.043,42638.76,0.1352,0
syn_00039,51429.5,7335.79,0.1426,40425.82,12,33,25.7,15.2,390,0.9388,0.0289,4.75,0.499,0.222,0.0144,1.014,27489.1,0.0953,0
syn_00040,71854.06,10090.63,0.1404,56718.11,12,35,22.9,15.6,356,0.9454,0.0423,4.88,0.341,0.238,0.0212,1.021,34406.96,0.1653,0
syn_00041,53970.14,6471.74,0.1199,44262.54,12,22,23.2,21.1,489,0.9256,0.0362,4.84,0.567,0.432,0.1465,1.146,28087.62,0.0743,0
syn_00042,33599.58,12562.84,0.3739,14755.33,12,17,17.3,10.9,189,0.8625,0.1057,4.56,0.362,0.32,-0.1236,0.876,18220.18,0.2281,1
syn_00043,58771.34,5807.67,0.0988,50059.83,12,19,22.4,21.9,491,0.9426,0.0505,4.81,0.672,0.408,0.0863,1.086,28261.51,0.1675,0
syn_00044,24501.28,16667.46,0.6803,9800.51,4,4,10.4,5.4,56,0.776,0.2606,4.45,0.366,0.404,-0.3081,0.692,13712.74,0.346,1
syn_00045,35176.61,13910.24,0.3954,14311.25,12,16,18.7,13.9,260,0.8639,0.0939,4.62,0.517,0.427,-0.0807,0.919,17569.17,0.2412,1
syn_00046,46796.64,16170.19,0.3455,22541.36,9,9,18.3,9.8,180,0.8994,0.1158,4.63,0.399,0.386,0.0556,1.056,26658.41,0.1866,1
syn_00047,72398.68,14678.63,0.2027,50380.74,12,35,24.4,20.4,497,0.9277,0.0523,4.78,0.556,0.373,0.0295,1.029,41268.44,0.1406,0
syn_00048,59062.27,6226.56,0.1054,49722.43,12,25,28.4,18.3,517,0.9481,0.0331,4.97,0.307,0.418,-0.0193,0.981,29461.58,0.1401,0
syn_00049,24056.46,16242.92,0.6752,9622.58,9,9,14.7,5.9,86,0.748,0.2674,4.28,0.636,0.231,-0.1291,0.871,9980.7,0.3813,0
syn_00050,21744.89,12377.37,0.5692,8697.96,12,12,12.2,5.3,64,0.707,0.3086,4.1,0.439,0.287,-0.25,0.75,10709.81,0.2985,1
syn_00051,32492.1,10088.4,0.3105,17359.49,12,15,17.0,10.1,170,0.8698,0.0977,4.73,0.699,0.326,-0.0666,0.933,15386.54,0.2303,1
syn_00052,42999.21,11264.98,0.262,26101.74,9,9,22.3,10.2,228,0.8391,0.0633,4.62,0.51,0.31,-0.0201,0.98,19130.11,0.1022,0
syn_00053,52967.69,5586.5,0.1055,44587.94,12,34,28.0,21.5,603,0.9461,0.0235,4.9,0.389,0.258,0.0317,1.032,30126.4,0.061,0
syn_00054,30082.17,11430.72,0.38,12936.09,8,8,17.2,12.9,222,0.8438,0.0689,4.56,0.567,0.251,0.0161,1.016,13054.34,0.3036,1
syn_00055,48416.06,4452.88,0.092,41736.74,12,44,23.5,13.2,310,0.9327,0.0392,4.85,0.407,0.356,0.1285,1.129,25739.75,0.2139,0
syn_00056,61956.05,7510.63,0.1212,50690.1,12,34,28.6,19.9,569,0.9298,0.0534,4.86,0.407,0.335,0.1289,1.129,31904.72,0.1646,0
syn_00057,30787.12,11914.19,0.387,12915.84,12,12,22.9,12.2,278,0.8372,0.0845,4.5,0.632,0.252,0.0603,1.06,14922.42,0.1529,1
syn_00058,76800.6,15540.19,0.2023,53490.32,12,22,26.2,18.4,481,0.9666,0.0188,4.96,0.367,0.385,0.0338,1.034,38109.72,0.084,0
syn_00059,55851.17,7512.06,0.1345,44583.08,12,36,24.0,16.2,389,0.9703,0.0249,4.88,0.405,0.349,0.0452,1.045,23046.1,0.1607,0
syn_00060,67098.97,8507.76,0.1268,54337.34,12,32,27.4,14.0,382,0.9253,0.0464,4.86,0.62,0.374,0.0877,1.088,36952.72,0.103,0
syn_00061,59551.16,5527.63,0.0928,51259.72,12,35,28.4,14.2,404,0.9865,0.0323,4.79,0.64,0.262,0.0584,1.058,27009.73,0.1823,0
syn_00062,79605.38,16889.74,0.2122,54270.77,12,24,22.3,19.4,431,0.9848,0.019,4.88,0.67,0.443,0.1331,1.133,36659.55,0.0415,0
syn_00063,26206.55,17040.96,0.6503,10482.62,8,8,11.6,10.0,115,0.6563,0.2652,4.2,0.426,0.335,-0.3138,0.686,12074.47,0.1864,1
syn_00064,40517.83,16093.5,0.3972,16377.58,12,13,20.3,10.4,211,0.8224,0.1383,4.51,0.699,0.288,0.0512,1.051,16700.9,0.177,1
syn_00065,37597.51,12989.98,0.3455,18112.54,12,14,22.1,14.9,329,0.8968,0.0976,4.61,0.393,0.211,0.0196,1.02,21727.8,0.1445,1
syn_00066,61688.74,8254.31,0.1338,49307.28,12,47,26.8,15.0,400,0.9865,0.0493,4.77,0.545,0.242,0.0335,1.034,25357.38,0.1769,0
syn_00067,27255.51,16023.16,0.5879,10902.21,5,5,13.9,8.1,111,0.6892,0.1771,4.19,0.362,0.404,-0.2941,0.706,14444.74,0.3081,1
syn_00068,65183.18,10625.61,0.163,49244.76,12,24,26.1,13.8,360,0.9814,0.0233,4.78,0.562,0.338,0.1277,1.128,27870.66,0.178,0
syn_00069,59926.03,6973.32,0.1164,49466.05,12,30,27.1,17.5,472,0.9257,0.021,4.91,0.439,0.37,-0.0348,0.965,30021.19,0.1779,0
syn_00070,45572.6,17294.13,0.3795,19631.41,12,12,20.6,14.1,290,0.9067,0.1238,4.71,0.363,0.42,0.0104,1.01,21705.21,0.1773,1
syn_00071,25735.62,10840.83,0.4212,10294.25,3,3,11.7,9.5,110,0.6773,0.3118,4.45,0.404,0.359,-0.1978,0.802,13963.95,0.1761,1
syn_00072,51423.38,9592.72,0.1865,37034.3,12,41,25.8,21.7,558,0.9439,0.0416,4.96,0.42,0.377,-0.0295,0.971,23779.35,0.2224,1
syn_00073,59068.26,9860.16,0.1669,44278.02,12,35,22.3,20.8,465,0.9881,0.0584,4.92,0.478,0.268,-0.024,0.976,35150.49,0.1663,0
syn_00074,20868.03,9022.49,0.4324,8347.21,7,7,15.4,9.2,140,0.6875,0.1573,4.39,0.473,0.436,-0.1536,0.846,8552.29,0.2811,1
syn_00075,60723.02,7189.01,0.1184,49939.51,12,37,28.9,16.7,481,0.9826,0.0215,4.8,0.374,0.417,-0.0438,0.956,31958.21,0.146,0
syn_00076,44895.66,16710.38,0.3722,19830.09,12,20,20.4,9.8,199,0.8233,0.1429,4.65,0.574,0.308,0.0332,1.033,25884.07,0.1534,1
syn_00077,50054.69,8082.63,0.1615,37930.74,12,32,23.9,20.2,481,0.9417,0.0328,4.75,0.644,0.395,-0.0355,0.964,25228.17,0.1305,0
syn_00078,51357.77,5848.95,0.1139,42584.35,12,32,28.9,14.3,412,0.9549,0.0409,4.91,0.335,0.288,0.0619,1.062,27461.39,0.0601,0
syn_00079,60701.54,5983.97,0.0986,51725.59,12,20,26.0,19.2,498,0.976,0.02,4.79,0.648,0.379,-0.0291,0.971,27844.09,0.1438,0
syn_00080,44296.5,10454.99,0.236,28614.01,12,13,22.3,12.3,273,0.9017,0.1007,4.66,0.399,0.24,-0.0289,0.971,25854.72,0.1894,1
syn_00081,27686.25,13505.54,0.4878,11074.5,5,5,10.5,9.7,101,0.762,0.2446,4.33,0.572,0.218,-0.1342,0.866,11094.8,0.2038,1
syn_00082,62803.93,12658.64,0.2016,43815.97,12,25,27.1,19.7,533,0.9498,0.0273,4.84,0.475,0.381,0.1475,1.148,26791.76,0.0535,0
syn_00083,76822.46,10681.47,0.139,60800.26,12,44,23.9,18.3,438,0.9839,0.0205,4.89,0.395,0.443,0.0763,1.076,44072.01,0.1249,0
syn_00084,63752.89,7306.87,0.1146,52792.59,12,43,28.1,17.0,477,0.956,0.028,4.89,0.563,0.281,-0.0173,0.983,25891.17,0.1023,0
syn_00085,47396.42,14728.81,0.3108,25303.2,10,10,17.7,9.4,166,0.837,0.1068,4.58,0.367,0.209,0.0406,1.041,26080.22,0.1389,1
syn_00086,37492.62,14578.41,0.3888,15625.01,12,18,21.6,12.5,270,0.9068,0.0785,4.53,0.316,0.231,-0.088,0.912,18512.58,0.1158,0
syn_00087,58117.0,8776.41,0.151,44952.37,12,46,22.3,14.3,319,0.9891,0.0583,4.75,0.567,0.235,0.1404,1.14,24782.04,0.1506,0
syn_00088,70549.78,7637.68,0.1083,59093.26,12,27,26.7,21.7,580,0.9266,0.0436,4.85,0.678,0.371,0.1236,1.124,32556.95,0.0651,0
syn_00089,75804.96,12120.1,0.1599,57624.8,12,36,22.2,21.4,474,0.9683,0.0438,4.8,0.319,0.444,0.0818,1.082,35609.64,0.0863,0
syn_00090,73036.34,11640.7,0.1594,55575.29,12,44,27.2,20.9,568,0.9483,0.0264,4.9,0.627,0.23,0.1116,1.112,32167.92,0.135,0
syn_00091,58386.75,7666.45,0.1313,46887.07,12,18,24.8,19.3,477,0.9472,0.0324,4.8,0.485,0.295,0.0247,1.025,34177.31,0.0864,0
syn_00092,21229.36,8241.36,0.3882,8867.33,8,8,11.7,7.3,85,0.7178,0.2618,4.32,0.682,0.205,-0.1676,0.832,9285.78,0.3921,1
syn_00093,68719.19,14137.21,0.2057,47513.38,12,18,23.7,21.3,505,0.9242,0.0567,4.83,0.516,0.278,-0.0297,0.97,37702.42,0.1073,0
syn_00094,33452.48,10126.39,0.3027,18262.89,12,19,16.9,10.1,169,0.8881,0.0763,4.63,0.685,0.321,0.0131,1.013,16275.89,0.1387,1
syn_00095,28868.25,10006.61,0.3466,13858.34,12,16,22.7,12.6,285,0.9019,0.1396,4.56,0.41,0.406,-0.1012,0.899,14947.82,0.2655,1
syn_00096,51057.13,8543.92,0.1673,38241.26,12,38,25.2,18.3,459,0.9318,0.0468,4.95,0.543,0.337,-0.0067,0.993,30392.89,0.0756,0
syn_00097,67023.24,10023.15,0.1495,51988.52,12,29,28.9,14.2,411,0.9687,0.0302,4.85,0.332,0.221,0.0935,1.094,26926.51,0.1377,0
syn_00098,19203.83,8690.31,0.4525,7681.53,5,5,11.8,5.4,64,0.7382,0.1542,4.44,0.513,0.281,-0.2799,0.72,8142.12,0.3749,1
syn_00099,79812.46,13780.22,0.1727,59142.13,12,38,25.9,19.6,507,0.9526,0.013,4.88,0.48,0.389,0.1415,1.142,36873.28,0.0574,0
syn_00100,73454.4,15411.09,0.2098,50337.76,12,37,23.6,16.6,392,0.9307,0.0596,4.96,0.336,0.389,0.058,1.058,36419.31,0.144,0
syn_00101,73024.9,13087.83,0.1792,53393.15,12,42,22.3,15.7,350,0.9384,0.028,4.77,0.506,0.43,0.1374,1.137,39352.76,0.1093,0
syn_00102,75245.6,8216.18,0.1092,62921.33,12,47,28.5,14.0,400,0.9772,0.029,4.95,0.332,0.301,0.1236,1.124,33258.1,0.1363,0
syn_00103,59075.19,12794.83,0.2166,39882.95,12,38,26.5,20.4,540,0.9293,0.0531,4.96,0.359,0.292,0.0474,1.047,26408.86,0.1431,0
syn_00104,52325.32,11241.37,0.2148,35463.27,12,18,25.8,21.7,560,0.9503,0.0256,4.87,0.548,0.363,0.0379,1.038,24688.9,0.0755,0
syn_00105,72984.37,10536.9,0.1444,57179.01,12,19,22.4,22.0,491,0.924,0.0448,4.98,0.325,0.327,-0.0022,0.998,42018.78,0.0586,0
syn_00106,22997.85,10993.0,0.478,9199.14,11,11,14.0,8.2,114,0.7224,0.1674,4.47,0.631,0.383,-0.2151,0.785,12107.18,0.238,1
syn_00107,36323.08,11487.86,0.3163,19091.29,8,8,16.1,10.6,170,0.896,0.0723,4.63,0.519,0.314,-0.1005,0.899,20041.61,0.1121,1
syn_00108,37764.82,9441.57,0.25,23602.46,9,9,18.3,13.4,245,0.8676,0.0938,4.6,0.615,0.279,-0.0443,0.956,15921.01,0.2306,0
syn_00109,33093.41,12846.01,0.3882,13824.39,12,15,16.3,14.4,234,0.8661,0.1173,4.66,0.595,0.328,0.0559,1.056,15792.62,0.2363,1
syn_00110,29695.84,10787.45,0.3633,13514.67,8,8,16.5,9.4,155,0.8212,0.1461,4.68,0.565,0.246,-0.0688,0.931,15740.56,0.1946,1
syn_00111,69129.69,12928.09,0.187,49737.55,12,20,23.9,13.2,314,0.9258,0.0584,4.82,0.61,0.361,0.1038,1.104,36197.14,0.1247,0
syn_00112,78991.64,15152.18,0.1918,56263.38,12,19,24.0,21.8,524,0.9621,0.0391,4.92,0.671,0.256,0.1124,1.112,45371.29,0.1128,0
syn_00113,62060.96,10290.42,0.1658,46625.32,12,30,28.6,15.2,433,0.9285,0.0199,4.95,0.484,0.41,0.0792,1.079,27108.89,0.0898,0
syn_00114,41123.24,10506.4,0.2555,25363.64,12,20,19.8,14.9,295,0.9137,0.0639,4.54,0.502,0.41,-0.1197,0.88,17947.95,0.2032,1
syn_00115,39806.95,12804.79,0.3217,20599.77,12,16,18.1,12.4,224,0.8889,0.1386,4.66,0.382,0.339,0.0251,1.025,20209.53,0.1246,0
syn_00116,31760.49,9244.75,0.2911,17893.37,12,17,21.5,12.3,264,0.8205,0.1285,4.51,0.431,0.237,0.0215,1.022,12970.52,0.1642,1
syn_00117,79882.7,10509.63,0.1316,64118.25,12,44,25.1,19.5,490,0.982,0.0397,4.84,0.337,0.347,0.0325,1.033,47878.2,0.1159,0
syn_00118,50075.32,8072.03,0.1612,37967.27,12,37,25.9,18.0,467,0.9622,0.0438,4.94,0.323,0.284,0.004,1.004,25055.13,0.2082,1
syn_00119,43772.3,14158.32,0.3235,22534.82,12,19,19.1,9.9,188,0.8528,0.0991,4.52,0.614,0.23,-0.0993,0.901,19823.05,0.1734,1
syn_00120,60282.65,9648.97,0.1601,45809.2,12,43,26.1,14.7,382,0.9454,0.0267,4.76,0.419,0.435,-0.0452,0.955,32877.31,0.1739,0
syn_00121,75927.37,15023.8,0.1979,53391.67,12,30,23.3,20.2,471,0.9521,0.0341,4.78,0.364,0.353,-0.0339,0.966,38017.42,0.1258,0
syn_00122,69022.57,14765.72,0.2139,46873.98,12,40,22.5,13.5,303,0.9398,0.0231,4.81,0.48,0.394,0.1313,1.131,37659.41,0.076,0
syn_00123,49075.64,4356.52,0.0888,42540.86,12,32,28.3,14.3,404,0.9573,0.0306,4.83,0.321,0.305,0.13,1.13,22930.2,0.0651,0
syn_00124,79401.51,9203.76,0.1159,65595.86,12,39,26.6,14.8,392,0.9596,0.0332,4.97,0.39,0.263,0.0717,1.072,45829.03,0.0774,0
syn_00125,21804.08,9086.33,0.4167,8721.63,9,9,15.9,9.3,148,0.6615,0.2886,4.33,0.465,0.363,-0.3255,0.675,10968.78,0.3115,1
syn_00126,64400.08,12422.55,0.1929,45766.26,12,19,25.2,13.5,339,0.975,0.0201,4.81,0.382,0.419,-0.0171,0.983,28893.08,0.0927,0
syn_00127,18104.35,9493.86,0.5244,7241.74,12,12,16.9,9.6,162,0.6546,0.1537,4.29,0.452,0.394,-0.0772,0.923,9060.1,0.3973,1
syn_00128,21803.29,10288.62,0.4719,8721.31,5,5,15.3,8.5,129,0.7579,0.3076,4.27,0.617,0.279,-0.0755,0.925,12393.18,0.3286,1
syn_00129,18599.76,12921.75,0.6947,7439.9,12,12,10.1,6.2,62,0.6813,0.3277,4.37,0.467,0.446,-0.3044,0.696,8870.98,0.3603,0
syn_00130,31319.1,12414.44,0.3964,12697.44,12,18,19.0,10.0,189,0.8213,0.1104,4.63,0.375,0.415,0.0155,1.015,18294.07,0.2983,1
syn_00131,42204.86,11938.49,0.2829,24297.12,12,16,19.3,13.9,268,0.8659,0.0922,4.62,0.396,0.235,0.0405,1.04,23856.2,0.1424,1
syn_00132,71962.44,12317.14,0.1712,53486.73,12,31,26.3,16.2,426,0.9789,0.0336,4.98,0.575,0.217,0.0768,1.077,33445.59,0.0575,0
syn_00133,55269.75,10898.41,0.1972,38922.14,12,43,24.0,18.8,450,0.9686,0.0356,4.82,0.606,0.397,-0.0075,0.993,29802.04,0.0597,0
syn_00134,46143.9,16341.7,0.3541,21631.35,12,12,19.9,9.7,192,0.8647,0.1014,4.72,0.469,0.211,-0.0243,0.976,18671.66,0.1361,1
syn_00135,33600.75,13160.35,0.3917,13860.22,12,22,18.0,14.5,261,0.8954,0.1324,4.5,0.345,0.376,0.0714,1.071,18112.48,0.2488,0
syn_00136,55740.6,4556.05,0.0817,48906.53,12,20,25.3,15.7,397,0.9619,0.0249,4.82,0.567,0.348,0.0986,1.099,23378.78,0.0616,0
syn_00137,16026.6,7318.44,0.4566,6410.64,5,5,15.4,5.2,79,0.7491,0.349,4.46,0.664,0.367,-0.1936,0.806,6951.14,0.3006,1
syn_00138,39435.45,12756.94,0.3235,20300.03,12,22,19.0,10.9,207,0.8635,0.1296,4.65,0.537,0.376,0.0553,1.055,18873.1,0.1689,1
syn_00139,51335.19,6870.27,0.1338,41029.79,12,33,25.4,18.9,479,0.9865,0.04,4.92,0.318,0.235,0.0513,1.051,30072.85,0.1696,0
syn_00140,58603.1,8643.12,0.1475,45638.42,12,47,23.4,18.5,432,0.9396,0.0203,4.87,0.343,0.285,-0.0489,0.951,32594.24,0.0524,0
syn_00141,38253.35,10661.12,0.2787,22261.67,12,17,22.5,11.4,256,0.8287,0.1155,4.53,0.353,0.269,-0.0706,0.929,16263.62,0.1842,0
syn_00142,61152.67,12662.61,0.2071,42158.76,12,30,27.0,18.5,498,0.9417,0.0512,4.97,0.403,0.215,0.1142,1.114,28908.08,0.0493,0
syn_00143,30289.75,8989.02,0.2968,16806.22,12,18,19.2,11.2,215,0.8321,0.0977,4.69,0.445,0.348,-0.1337,0.866,16024.66,0.1479,1
syn_00144,77225.18,12800.87,0.1658,58023.88,12,37,28.1,19.5,548,0.9284,0.0551,4.77,0.418,0.322,0.0568,1.057,46154.3,0.0554,0
syn_00145,30460.07,10104.47,0.3317,15303.36,8,8,18.4,13.4,246,0.8852,0.1361,4.67,0.619,0.406,-0.0511,0.949,16598.41,0.2639,1
syn_00146,20602.81,9931.32,0.482,8241.12,12,13,13.7,7.2,98,0.7522,0.2882,4.39,0.656,0.286,-0.2376,0.762,10587.66,0.2589,1
syn_00147,68666.32,11616.03,0.1692,51242.27,12,18,24.4,13.6,332,0.9487,0.0256,4.91,0.356,0.321,0.0712,1.071,38207.41,0.0915,0
syn_00148,78848.56,10549.06,0.1338,63024.96,12,33,22.3,13.3,295,0.9472,0.018,4.76,0.346,0.439,0.1012,1.101,42747.83,0.0904,0
syn_00149,67294.17,13172.1,0.1957,47536.03,12,44,28.9,15.6,450,0.9873,0.0295,4.84,0.633,0.31,0.0181,1.018,38301.89,0.117,0
syn_00150,54227.96,4775.89,0.0881,47064.12,12,25,24.4,15.4,376,0.9876,0.0379,4.83,0.496,0.3,0.0661,1.066,27720.86,0.0784,0
syn_00151,23104.28,12989.24,0.5622,9241.71,12,12,14.0,6.2,86,0.7172,0.1483,4.3,0.648,0.233,-0.1871,0.813,9407.93,0.2441,1
syn_00152,43884.21,12074.9,0.2752,25771.87,9,9,22.1,14.7,324,0.8349,0.1016,4.75,0.414,0.251,-0.0388,0.961,21163.32,0.2092,1
syn_00153,38225.51,12173.49,0.3185,19965.27,12,14,20.0,14.2,284,0.9181,0.0967,4.71,0.476,0.412,0.0258,1.026,15626.23,0.1947,0
syn_00154,26485.04,13863.92,0.5235,10594.02,3,3,13.1,8.8,114,0.8075,0.144,4.3,0.42,0.29,-0.1437,0.856,12222.68,0.3063,1
syn_00155,32214.1,13255.77,0.4115,12885.64,12,12,16.1,15.0,240,0.8877,0.1346,4.57,0.608,0.365,-0.1467,0.853,13954.22,0.2616,1
syn_00156,40272.08,9573.52,0.2377,25911.81,12,21,19.4,9.5,183,0.8608,0.0966,4.52,0.329,0.439,-0.0698,0.93,17653.39,0.1159,0
syn_00157,50459.59,7573.35,0.1501,39099.56,12,26,27.6,19.4,533,0.9235,0.0136,4.84,0.491,0.257,0.0091,1.009,27439.88,0.1009,0
syn_00158,40069.86,11682.88,0.2916,22545.54,12,23,20.5,9.7,199,0.9089,0.1053,4.61,0.397,0.378,-0.0153,0.985,23466.71,0.1934,1
syn_00159,39050.02,12653.53,0.324,20069.72,12,20,17.0,13.7,232,0.8471,0.1047,4.57,0.504,0.212,-0.1192,0.881,23005.68,0.1992,1
syn_00160,50006.07,9876.57,0.1975,35191.22,12,39,22.0,15.2,335,0.9719,0.0258,4.77,0.616,0.423,0.022,1.022,21575.5,0.1087,0
syn_00161,60074.18,12914.2,0.215,40702.87,12,45,22.6,19.2,434,0.9546,0.0294,4.9,0.604,0.438,0.0908,1.091,34038.59,0.0506,0
syn_00162,30107.3,11331.33,0.3764,13110.31,12,12,20.5,9.3,190,0.856,0.1461,4.63,0.448,0.213,-0.0505,0.95,16806.6,0.2241,1
syn_00163,44443.6,17336.1,0.3901,18439.45,12,14,17.5,12.9,226,0.8672,0.1392,4.55,0.426,0.361,0.0059,1.006,24041.31,0.172,1
syn_00164,54374.89,11126.74,0.2046,37684.78,12,39,24.0,16.3,391,0.9241,0.0156,4.87,0.435,0.205,0.0035,1.004,32465.14,0.1935,0
syn_00165,63771.67,8711.25,0.1366,50704.8,12,30,25.7,18.4,472,0.9207,0.0332,4.97,0.69,0.231,0.0538,1.054,34285.38,0.1427,0
syn_00166,73828.98,7148.79,0.0968,63105.8,12,41,23.9,13.2,313,0.9405,0.0487,4.87,0.559,0.444,0.0196,1.02,44277.4,0.086,0
syn_00167,45971.21,17314.58,0.3766,19999.34,8,8,21.5,11.7,252,0.8598,0.0873,4.52,0.683,0.436,-0.0975,0.902,23132.01,0.1192,1
syn_00168,38889.65,16044.07,0.4126,15555.86,12,23,16.5,11.2,185,0.8425,0.0776,4.54,0.624,0.359,-0.0068,0.993,18835.82,0.2234,1
syn_00169,56316.96,7226.98,0.1283,45476.49,12,38,28.4,15.6,443,0.9529,0.0545,4.91,0.683,0.332,-0.0376,0.962,33701.85,0.0768,0
syn_00170,69747.85,6324.28,0.0907,60261.43,12,33,23.9,20.3,484,0.9522,0.0373,4.85,0.32,0.411,-0.0412,0.959,35633.6,0.0644,0
syn_00171,26099.2,11938.63,0.4574,10439.68,11,11,16.7,6.2,103,0.8117,0.3489,4.4,0.549,0.445,-0.0557,0.944,14304.76,0.2815,1
syn_00172,77052.76,16344.29,0.2121,52536.32,12,41,28.7,17.7,508,0.9884,0.0479,4.79,0.567,0.241,0.0454,1.045,42420.01,0.1228,0
syn_00173,37977.91,8447.07,0.2224,25307.31,12,20,16.1,11.1,178,0.9126,0.0806,4.66,0.312,0.32,-0.0989,0.901,16345.37,0.1561,1
syn_00174,33777.7,10118.69,0.2996,18599.66,9,9,22.4,15.0,335,0.8245,0.1285,4.59,0.531,0.289,-0.0597,0.94,14062.15,0.2524,0
syn_00175,39281.48,11459.02,0.2917,22092.94,12,12,20.6,10.4,215,0.8392,0.1426,4.53,0.533,0.309,-0.0336,0.966,23263.04,0.1356,0
syn_00176,43175.53,11938.0,0.2765,25268.53,12,16,18.5,14.4,265,0.9146,0.1403,4.6,0.536,0.247,0.0295,1.029,21609.01,0.1588,1
syn_00177,54626.43,4914.31,0.09,47254.96,12,43,22.5,21.5,482,0.9555,0.0305,4.94,0.65,0.335,0.1172,1.117,25197.88,0.1096,0
syn_00178,49202.27,4816.97,0.0979,41976.82,12,30,27.4,13.0,355,0.9492,0.0361,4.76,0.392,0.2,0.1446,1.145,26527.91,0.1023,0
syn_00179,32485.87,11454.82,0.3526,15303.63,12,23,21.2,14.1,298,0.8623,0.0873,4.58,0.694,0.389,0.0139,1.014,18311.54,0.274,1
syn_00180,69152.46,6291.75,0.091,59714.82,12,35,25.8,19.4,500,0.9317,0.049,4.88,0.419,0.379,0.1404,1.14,37821.88,0.0489,0
syn_00181,38277.09,12316.73,0.3218,19802.0,9,9,18.6,14.6,271,0.9028,0.1227,4.68,0.623,0.249,-0.0438,0.956,17648.84,0.2489,1
syn_00182,79312.81,15855.84,0.1999,55529.06,12,28,26.9,19.5,525,0.9593,0.0574,4.86,0.454,0.206,0.0261,1.026,35116.45,0.0563,0
syn_00183,42074.0,17420.8,0.4141,16829.6,8,8,19.1,10.4,198,0.8905,0.1335,4.64,0.62,0.338,0.0724,1.072,20996.64,0.1024,1
syn_00184,75689.46,7721.71,0.102,64106.9,12,21,24.2,15.6,377,0.981,0.0436,4.93,0.662,0.203,0.0001,1.0,36758.65,0.1139,0
syn_00185,38977.17,10817.2,0.2775,22751.37,8,8,18.1,11.1,201,0.8821,0.0901,4.68,0.433,0.214,-0.057,0.943,17276.56,0.1131,1
syn_00186,68535.5,11925.66,0.174,50647.01,12,46,26.4,14.8,390,0.9493,0.0475,4.77,0.327,0.33,0.0056,1.006,35199.57,0.0801,0
syn_00187,51625.71,7047.12,0.1365,41055.03,12,47,27.2,19.3,525,0.9496,0.0273,4.84,0.687,0.351,0.0029,1.003,25987.97,0.0939,0
syn_00188,78445.54,9540.6,0.1216,64134.64,12,20,22.6,18.4,416,0.9637,0.0424,4.81,0.583,0.353,-0.047,0.953,43131.04,0.149,0
syn_00189,67125.39,13509.21,0.2013,46861.57,12,26,28.6,14.0,399,0.9308,0.0572,4.92,0.306,0.346,0.1266,1.127,32386.85,0.0719,0
syn_00190,78642.59,10684.77,0.1359,62615.44,12,31,27.9,14.7,409,0.9671,0.0589,4.77,0.666,0.309,-0.0483,0.952,45728.69,0.0878,0
syn_00191,71150.33,5782.22,0.0813,62477.01,12,31,26.1,18.5,483,0.9646,0.0221,4.91,0.399,0.216,-0.0317,0.968,30203.74,0.0674,0
syn_00192,67415.42,11743.9,0.1742,49799.56,12,39,22.6,21.6,486,0.9787,0.0503,4.94,0.597,0.384,0.1365,1.137,37748.83,0.1172,0
syn_00193,59875.61,12508.45,0.2089,41112.93,12,20,26.1,17.8,465,0.9388,0.0284,4.96,0.471,0.311,0.0833,1.083,30484.53,0.1685,0
syn_00194,29280.13,11271.35,0.3849,12373.11,12,22,18.0,11.7,210,0.8222,0.0871,4.63,0.606,0.302,-0.1371,0.863,12138.89,0.2372,1
syn_00195,31189.85,7862.73,0.2521,19395.76,12,12,16.5,10.1,166,0.8864,0.1394,4.7,0.514,0.289,0.0076,1.008,16909.96,0.1495,1
syn_00196,73257.37,9017.35,0.1231,59731.34,12,42,28.4,21.6,612,0.9429,0.0277,4.87,0.521,0.326,0.1382,1.138,42451.65,0.1486,0
syn_00197,69662.11,13744.83,0.1973,49044.86,12,43,28.0,19.7,552,0.9507,0.0405,4.79,0.301,0.38,0.0847,1.085,32128.87,0.0662,0
syn_00198,31227.26,7391.83,0.2367,20139.51,12,16,16.1,10.0,161,0.9091,0.0817,4.59,0.398,0.214,-0.1258,0.874,15493.56,0.1708,1
syn_00199,55025.73,11796.46,0.2144,37331.04,12,25,26.3,18.0,473,0.9491,0.0314,4.87,0.553,0.333,0.0893,1.089,31125.92,0.1694,0
syn_00200,51750.52,6583.13,0.1272,41875.83,12,36,23.0,19.2,442,0.9344,0.0296,4.96,0.617,0.217,-0.0091,0.991,26710.81,0.1463,1
syn_00201,68109.65,12015.12,0.1764,50086.97,12,34,23.8,13.1,311,0.9706,0.0368,4.94,0.373,0.414,0.1143,1.114,34257.86,0.1555,0
syn_00202,15984.1,8057.65,0.5041,6393.64,8,8,15.4,10.4,160,0.6846,0.1541,4.47,0.559,0.219,-0.2332,0.767,6495.73,0.451,1
syn_00203,61871.11,13587.24,0.2196,41490.25,12,42,25.9,15.9,411,0.9354,0.0275,4.84,0.303,0.254,-0.0363,0.964,31378.08,0.1022,0
syn_00204,28106.27,10705.65,0.3809,12047.8,12,15,21.4,12.3,263,0.8266,0.129,4.65,0.356,0.368,0.0299,1.03,12349.88,0.3028,1
syn_00205,31397.62,8131.83,0.259,19199.88,12,19,22.2,13.5,300,0.9108,0.1283,4.65,0.587,0.268,0.0005,1.0,15203.94,0.2973,1
syn_00206,55728.02,6134.97,0.1101,46525.56,12,27,25.0,21.2,528,0.9555,0.0194,4.77,0.618,0.268,0.0892,1.089,24277.01,0.1157,0
syn_00207,46781.37,16245.99,0.3473,22412.38,12,12,18.3,10.6,193,0.8391,0.1225,4.55,0.375,0.222,-0.0131,0.987,21875.26,0.1194,1
syn_00208,36646.92,8290.63,0.2262,24210.98,12,13,17.8,9.2,163,0.9079,0.0819,4.64,0.655,0.281,-0.141,0.859,19620.56,0.2183,1
syn_00209,25730.4,16734.0,0.6504,10292.16,12,13,11.0,8.5,92,0.6614,0.1599,4.52,0.444,0.396,-0.252,0.748,11287.08,0.3203,1
syn_00210,41086.84,10945.68,0.2664,24668.31,12,13,16.1,13.6,218,0.8824,0.1286,4.51,0.646,0.347,0.0425,1.043,20022.48,0.1878,1
syn_00211,43134.6,13305.25,0.3085,23176.73,12,23,21.0,11.3,237,0.8429,0.1137,4.73,0.321,0.314,0.0637,1.064,21328.53,0.1403,0
syn_00212,35462.45,14480.68,0.4083,14184.98,12,18,17.2,12.0,206,0.8891,0.1227,4.66,0.372,0.376,-0.0867,0.913,16767.07,0.1392,1
syn_00213,74795.75,7760.95,0.1038,63154.31,12,38,22.1,20.0,442,0.9627,0.045,4.94,0.529,0.269,0.1106,1.111,36860.32,0.1557,0
syn_00214,22706.92,11207.59,0.4936,9082.77,9,9,9.4,5.2,48,0.722,0.1578,4.35,0.645,0.422,-0.0857,0.914,10631.17,0.3926,1
syn_00215,57168.63,10997.51,0.1924,40672.36,12,40,29.0,13.3,384,0.9828,0.0411,4.97,0.627,0.413,0.043,1.043,33587.78,0.1859,0
syn_00216,20012.77,8059.77,0.4027,8005.11,3,3,10.7,6.4,68,0.7297,0.1964,4.14,0.687,0.31,-0.2998,0.7,8112.87,0.2617,1
syn_00217,58440.13,7124.65,0.1219,47753.15,12,41,23.6,14.2,334,0.938,0.0278,4.91,0.362,0.221,-0.0375,0.963,25608.19,0.0838,0
syn_00218,66029.07,12712.75,0.1925,46959.94,12,27,23.0,18.2,418,0.9554,0.0172,4.89,0.423,0.406,0.0047,1.005,38530.97,0.1119,0
syn_00219,62669.81,11374.62,0.1815,45607.87,12,30,26.0,19.0,494,0.9744,0.0531,4.82,0.496,0.385,0.0576,1.058,25200.14,0.1685,0
syn_00220,74823.37,9771.67,0.1306,60165.86,12,32,28.0,16.7,466,0.943,0.0327,4.93,0.527,0.345,-0.0248,0.975,30655.96,0.0637,0
syn_00221,55354.46,8711.28,0.1574,42287.53,12,37,24.6,19.0,466,0.9299,0.0385,4.79,0.688,0.343,0.0057,1.006,31188.5,0.0898,0
syn_00222,73527.43,9664.06,0.1314,59031.35,12,29,22.6,18.0,407,0.9792,0.0498,4.79,0.4,0.266,0.0846,1.085,40907.61,0.0678,0
syn_00223,73363.03,12312.23,0.1678,54894.69,12,44,27.3,14.4,391,0.9521,0.0276,4.77,0.663,0.317,0.0472,1.047,43430.05,0.1538,0
syn_00224,52943.75,7847.17,0.1482,41172.99,12,40,25.0,18.4,459,0.99,0.0485,4.84,0.436,0.328,0.1155,1.116,31443.68,0.0857,0
syn_00225,38197.08,12232.81,0.3203,19847.86,12,22,16.4,9.2,150,0.8751,0.0994,4.71,0.412,0.243,-0.113,0.887,19487.85,0.1086,1
syn_00226,60546.99,11207.72,0.1851,43735.42,12,42,22.9,20.0,456,0.9366,0.0439,4.88,0.631,0.331,0.1358,1.136,35526.98,0.1071,1
syn_00227,34901.67,7888.5,0.226,23068.92,11,11,22.7,13.0,295,0.9133,0.0839,4.65,0.685,0.203,0.0061,1.006,15020.92,0.1692,1
syn_00228,40453.79,16910.57,0.418,16181.52,12,19,18.2,11.0,200,0.8279,0.0999,4.57,0.449,0.432,-0.071,0.929,16703.5,0.2227,1
syn_00229,53209.31,8690.67,0.1633,40173.31,12,20,23.1,21.7,500,0.9513,0.0351,4.81,0.627,0.389,0.0442,1.044,23931.66,0.1683,0
syn_00230,54798.31,9474.26,0.1729,40586.92,12,18,24.9,16.6,413,0.9819,0.0548,4.96,0.374,0.286,0.0128,1.013,29901.98,0.1682,0
syn_00231,51836.51,9480.36,0.1829,37615.97,12,42,25.7,15.6,401,0.9545,0.025,4.89,0.593,0.365,0.0368,1.037,29893.26,0.0864,0
syn_00232,22365.87,13201.45,0.5902,8946.35,12,12,16.2,7.4,119,0.7056,0.1423,4.45,0.347,0.445,-0.1097,0.89,10839.14,0.2246,1
syn_00233,67035.12,12297.01,0.1834,48589.6,12,20,22.2,18.9,420,0.9573,0.0152,4.79,0.321,0.373,0.0636,1.064,27641.05,0.0845,0
syn_00234,67647.05,7806.48,0.1154,55937.33,12,24,26.0,16.2,422,0.9776,0.051,4.86,0.384,0.221,0.0202,1.02,29687.39,0.0926,0
syn_00235,74909.08,8312.92,0.111,62439.7,12,32,24.7,20.3,500,0.9777,0.0292,4.86,0.313,0.319,0.0107,1.011,43167.95,0.1521,0
syn_00236,69005.11,14902.42,0.216,46651.48,12,22,25.9,19.4,503,0.9248,0.0309,4.78,0.442,0.338,0.0726,1.073,32269.86,0.1659,0
syn_00237,74069.47,12270.08,0.1657,55664.36,12,43,24.6,15.3,376,0.9274,0.0277,4.85,0.631,0.21,0.0852,1.085,43403.11,0.1205,0
syn_00238,76138.57,12028.8,0.158,58095.36,12,23,23.6,17.5,413,0.9712,0.0579,4.8,0.552,0.301,0.1272,1.127,31728.15,0.1498,0
syn_00239,41548.76,12701.11,0.3057,22497.1,12,16,21.1,13.9,294,0.8346,0.135,4.64,0.494,0.329,0.0443,1.044,21779.52,0.1586,0
syn_00240,58406.76,4993.64,0.0855,50916.29,12,35,23.9,13.1,312,0.9885,0.0583,4.84,0.679,0.3,0.0957,1.096,27204.78,0.1046,0
syn_00241,47806.65,10763.85,0.2252,31660.87,12,12,20.2,13.0,262,0.8888,0.0708,4.73,0.364,0.243,-0.1083,0.892,26554.91,0.1618,1
syn_00242,76734.87,7042.56,0.0918,66171.02,12,40,24.8,13.9,344,0.9212,0.0431,4.89,0.69,0.234,-0.0174,0.983,45677.08,0.0665,0
syn_00243,77646.84,10773.33,0.1387,61486.84,12,44,22.4,13.4,298,0.9602,0.0296,4.76,0.459,0.443,0.0667,1.067,34360.72,0.0399,0
syn_00244,70702.04,8343.47,0.118,58186.84,12,26,28.3,16.4,463,0.9585,0.0125,4.85,0.627,0.433,0.1165,1.116,39249.27,0.145,0
syn_00245,58798.54,11871.21,0.2019,40991.72,12,31,22.6,14.9,336,0.9727,0.0126,4.86,0.622,0.39,0.0384,1.038,30639.07,0.1022,0
syn_00246,56581.58,7386.75,0.1306,45501.45,12,22,24.9,19.1,475,0.924,0.0117,4.84,0.654,0.424,0.0894,1.089,26689.48,0.0838,0
syn_00247,61161.73,6952.52,0.1137,50732.94,12,24,26.7,20.4,545,0.9671,0.0512,4.84,0.697,0.239,-0.0187,0.981,32287.59,0.1576,0
syn_00248,25319.64,14964.29,0.591,10127.85,12,13,13.6,10.2,138,0.6992,0.2382,4.36,0.64,0.25,-0.2266,0.773,13519.24,0.2621,1
syn_00249,25702.55,14341.54,0.558,10281.02,10,10,15.2,5.1,77,0.7891,0.1484,4.47,0.341,0.231,-0.0524,0.948,14340.39,0.2323,1
syn_00250,26009.53,12583.03,0.4838,10403.81,10,10,14.4,8.6,123,0.7525,0.2833,4.34,0.577,0.258,-0.2213,0.779,11607.63,0.2261,1
syn_00251,32374.28,7510.47,0.232,21108.58,12,19,16.9,12.6,213,0.9049,0.064,4.68,0.333,0.265,-0.0715,0.929,13410.34,0.2122,1
syn_00252,61644.75,9662.22,0.1567,47151.42,12,36,23.2,15.7,363,0.9665,0.0583,4.76,0.328,0.222,0.1281,1.128,30034.31,0.1329,0
syn_00253,46345.36,13964.7,0.3013,25398.32,12,13,17.0,13.3,225,0.8493,0.1073,4.67,0.3,0.268,0.0571,1.057,21537.98,0.1889,1
syn_00254,68278.77,11135.22,0.1631,51575.95,12,37,22.1,19.6,432,0.9426,0.0433,4.88,0.667,0.362,0.0185,1.019,39677.9,0.0617,0
syn_00255,71326.05,13493.1,0.1892,51086.4,12,30,22.8,13.0,296,0.9698,0.0278,4.81,0.334,0.337,-0.0474,0.953,30653.79,0.1102,0
syn_00256,60439.24,6868.43,0.1136,50136.6,12,36,22.7,15.8,358,0.9268,0.0188,4.98,0.533,0.403,0.0388,1.039,25703.38,0.1288,0
syn_00257,60886.52,10603.45,0.1742,44981.35,12,27,26.8,15.8,424,0.9293,0.0416,4.78,0.592,0.355,0.0657,1.066,28000.35,0.1518,0
syn_00258,57105.32,8110.37,0.142,44939.77,12,18,26.3,20.6,543,0.9337,0.0163,4.97,0.334,0.214,-0.0284,0.972,27575.43,0.1279,0
syn_00259,65419.04,7374.28,0.1127,54357.62,12,35,26.5,20.4,539,0.9229,0.0349,4.91,0.556,0.317,0.0005,1.0,31222.7,0.0882,0
syn_00260,65806.87,8568.52,0.1302,52954.09,12,39,28.4,13.2,374,0.9421,0.0128,4.93,0.603,0.314,0.0904,1.09,30591.47,0.0909,0
syn_00261,56028.13,5427.03,0.0969,47887.58,12,46,26.1,21.7,566,0.9464,0.0131,4.83,0.653,0.304,0.0512,1.051,26242.43,0.0796,0
syn_00262,62145.07,10611.44,0.1708,46227.91,12,37,22.4,20.3,455,0.9858,0.0424,4.97,0.461,0.285,-0.0197,0.98,29807.18,0.1174,0
syn_00263,53205.15,9726.5,0.1828,38615.4,12,29,23.5,13.5,317,0.9587,0.0398,4.95,0.663,0.299,0.0654,1.065,23378.21,0.1148,0
syn_00264,52846.26,7429.55,0.1406,41701.93,12,22,26.2,13.7,359,0.9858,0.0478,4.88,0.631,0.396,0.1157,1.116,26667.92,0.0704,0
syn_00265,51979.07,10526.73,0.2025,36188.97,12,46,28.8,14.6,420,0.9705,0.012,4.84,0.68,0.206,0.0533,1.053,21457.61,0.1583,0
syn_00266,25587.03,12018.41,0.4697,10234.81,3,3,10.1,7.6,76,0.7595,0.22,4.12,0.477,0.212,-0.1702,0.83,13391.15,0.3522,1
syn_00267,39760.01,11555.08,0.2906,22427.39,12,21,21.6,12.3,266,0.9026,0.1168,4.7,0.55,0.343,-0.0123,0.988,16238.42,0.1631,1
syn_00268,67339.5,12586.89,0.1869,48459.16,12,19,25.7,15.0,386,0.9667,0.014,4.85,0.32,0.299,-0.0173,0.983,37679.22,0.0692,0
syn_00269,60249.09,11898.02,0.1975,42402.06,12,32,23.0,17.6,403,0.9243,0.0136,4.88,0.318,0.436,0.0632,1.063,29427.18,0.181,0
syn_00270,29543.75,7503.45,0.254,18288.58,12,12,16.9,9.7,164,0.8719,0.0821,4.59,0.453,0.339,0.0776,1.078,12118.96,0.2744,1
syn_00271,69453.9,11797.07,0.1699,51758.29,12,18,24.9,17.4,433,0.9491,0.0112,4.83,0.457,0.259,-0.0146,0.985,28382.75,0.0559,0
syn_00272,73520.45,12855.52,0.1749,54237.17,12,23,25.8,17.3,446,0.9846,0.0136,4.81,0.65,0.408,0.02,1.02,29518.25,0.1366,0
syn_00273,61109.53,13257.77,0.217,41222.88,12,29,23.3,20.2,469,0.9434,0.0465,4.85,0.519,0.301,0.0657,1.066,26837.28,0.1717,0
syn_00274,52326.95,9134.39,0.1746,38625.36,12,47,24.8,14.2,351,0.9311,0.0575,4.95,0.568,0.321,0.1314,1.131,29216.07,0.2279,0
syn_00275,67000.98,10759.22,0.1606,50862.14,12,28,23.1,17.2,398,0.9587,0.0385,4.8,0.578,0.342,0.0985,1.098,35445.77,0.0482,0
syn_00276,40202.16,12769.63,0.3176,21047.71,12,19,16.9,10.6,178,0.8619,0.1139,4.63,0.594,0.206,-0.0837,0.916,20131.32,0.1005,1
syn_00277,31488.19,9897.68,0.3143,16641.67,12,23,16.6,12.8,212,0.8751,0.0967,4.63,0.539,0.403,0.0562,1.056,18750.81,0.1644,0
syn_00278,77217.33,12362.28,0.1601,58673.91,12,40,23.3,15.4,358,0.9339,0.0223,4.82,0.333,0.222,0.061,1.061,39743.76,0.1074,0
syn_00279,54847.83,6563.08,0.1197,45003.21,12,33,24.8,20.3,503,0.921,0.0425,4.9,0.572,0.433,0.1097,1.11,32687.79,0.2078,0
syn_00280,18733.88,12392.85,0.6615,7493.55,10,10,9.4,6.4,59,0.8026,0.1938,4.19,0.396,0.39,-0.3086,0.691,9366.72,0.4695,1
syn_00281,36213.65,9485.73,0.2619,21985.05,12,13,22.8,12.9,293,0.9135,0.0873,4.7,0.592,0.344,0.0261,1.026,14734.33,0.2251,0
syn_00282,57990.07,8109.64,0.1398,45825.61,12,33,26.5,19.7,522,0.9363,0.0303,4.81,0.601,0.424,-0.0103,0.99,24248.52,0.1733,0
syn_00283,47125.84,13917.92,0.2953,26248.95,10,10,18.4,9.4,172,0.8686,0.0698,4.56,0.606,0.237,-0.0771,0.923,20023.88,0.1879,1
syn_00284,41650.81,11925.6,0.2863,23762.41,12,23,19.5,12.9,251,0.8711,0.0708,4.58,0.432,0.366,0.0346,1.035,23846.75,0.2201,0
syn_00285,46914.99,13257.42,0.2826,27028.86,12,20,22.0,9.8,215,0.8905,0.1268,4.67,0.64,0.296,-0.092,0.908,26564.6,0.1969,1
syn_00286,65565.11,6981.86,0.1065,55092.32,12,43,27.0,17.6,475,0.9623,0.033,4.94,0.568,0.374,0.1159,1.116,37956.93,0.1431,0
syn_00287,71211.89,6819.44,0.0958,60982.73,12,44,24.9,21.0,521,0.9233,0.0581,4.91,0.457,0.235,0.0763,1.076,39183.75,0.0763,0
syn_00288,79224.92,10432.26,0.1317,63576.53,12,34,24.5,16.1,394,0.9564,0.032,4.95,0.4,0.218,0.0511,1.051,45342.46,0.0955,0
syn_00289,36302.91,11052.0,0.3044,19724.91,12,17,21.5,10.2,218,0.902,0.1184,4.6,0.698,0.309,-0.0447,0.955,16320.96,0.1526,1
syn_00290,15711.53,6997.25,0.4454,6284.61,6,6,12.3,6.3,78,0.65,0.3322,4.45,0.59,0.432,-0.1273,0.873,9048.7,0.3398,1
syn_00291,64396.57,8296.63,0.1288,51951.63,12,21,24.6,18.6,457,0.9703,0.0155,4.76,0.478,0.369,0.1489,1.149,37944.64,0.0791,0
syn_00292,75713.14,6162.1,0.0814,66469.99,12,43,27.4,17.1,470,0.9892,0.0342,4.98,0.643,0.224,0.1009,1.101,37275.17,0.0692,0
syn_00293,28139.65,8461.48,0.3007,15447.42,12,13,17.6,13.9,245,0.8537,0.1345,4.5,0.451,0.419,-0.0792,0.921,15569.29,0.1936,1
syn_00294,19292.03,7990.3,0.4142,7716.81,8,8,16.6,5.4,89,0.7006,0.2026,4.23,0.35,0.218,-0.3007,0.699,11102.57,0.4362,1
syn_00295,25676.25,14231.88,0.5543,10270.5,5,5,9.6,10.7,103,0.692,0.3205,4.17,0.416,0.294,-0.0938,0.906,12777.63,0.1778,1
syn_00296,53116.15,9389.58,0.1768,39031.78,12,34,23.2,15.8,365,0.9552,0.0498,4.92,0.451,0.303,0.0791,1.079,26058.3,0.0829,0
syn_00297,78580.78,16777.67,0.2135,53414.28,12,26,24.5,13.4,327,0.9325,0.0296,4.97,0.437,0.357,-0.0218,0.978,45440.4,0.1256,0
syn_00298,78018.05,16264.47,0.2085,53621.34,12,22,28.2,18.6,525,0.9766,0.0135,4.83,0.539,0.404,0.0127,1.013,41256.61,0.1118,0
syn_00299,54294.02,6148.67,0.1132,45071.02,12,21,24.1,18.8,452,0.9621,0.0448,4.83,0.653,0.286,0.1148,1.115,27483.19,0.0891,0
syn_00300,41800.94,11838.87,0.2832,24042.63,8,8,16.4,12.7,207,0.8441,0.0948,4.52,0.302,0.321,-0.1162,0.884,24330.16,0.1385,1
syn_00301,77633.91,7968.13,0.1026,65681.71,12,27,28.8,14.9,427,0.9719,0.0373,4.95,0.436,0.438,0.0608,1.061,43545.51,0.1006,0
syn_00302,45617.9,10488.52,0.2299,29885.12,12,17,17.8,11.8,209,0.8427,0.127,4.73,0.496,0.288,-0.0525,0.947,18597.96,0.1327,1
syn_00303,24908.27,15935.77,0.6398,9963.31,9,9,11.7,7.6,89,0.7942,0.2163,4.43,0.321,0.3,-0.0677,0.932,11250.43,0.3058,1
syn_00304,42979.26,12524.01,0.2914,24193.25,12,15,20.4,10.1,206,0.8949,0.1091,4.55,0.687,0.379,-0.0829,0.917,21639.19,0.1976,1
syn_00305,21176.3,14131.92,0.6673,8470.52,7,7,13.2,9.2,122,0.6929,0.2338,4.15,0.361,0.382,-0.2882,0.712,12539.48,0.2127,1
syn_00306,43394.93,18012.46,0.4151,17357.97,12,19,20.0,11.0,221,0.8848,0.0662,4.72,0.457,0.318,-0.1225,0.877,18957.12,0.1375,1
syn_00307,26305.45,10737.96,0.4082,10522.18,6,6,15.2,10.1,153,0.6809,0.2304,4.17,0.429,0.34,-0.138,0.862,12440.77,0.2728,1
syn_00308,20660.15,14152.17,0.685,8264.06,10,10,14.8,10.6,156,0.7397,0.1944,4.12,0.526,0.35,-0.1322,0.868,11145.02,0.2472,1
syn_00309,67750.22,14618.78,0.2158,45822.05,12,29,27.1,21.3,577,0.9734,0.0396,4.79,0.508,0.249,0.0833,1.083,32486.65,0.1271,0
syn_00310,29699.33,9125.09,0.3072,16011.68,10,10,20.6,11.6,239,0.8477,0.1102,4.59,0.595,0.209,0.0646,1.065,14835.57,0.3211,1
syn_00311,77457.15,6326.73,0.0817,67967.05,12,28,25.9,19.7,508,0.954,0.0143,4.97,0.342,0.409,0.0536,1.054,42808.87,0.1101,0
syn_00312,64157.17,12037.46,0.1876,46100.97,12,23,22.4,18.2,408,0.9283,0.0118,4.76,0.638,0.266,0.1168,1.117,37914.94,0.0633,0
syn_00313,62370.51,10033.28,0.1609,47320.59,12,19,26.0,16.0,415,0.9421,0.0153,4.83,0.552,0.314,-0.0301,0.97,25368.9,0.1587,0
syn_00314,57021.39,7100.62,0.1245,46370.46,12,40,28.5,13.5,384,0.954,0.0556,4.89,0.524,0.329,0.0593,1.059,30298.02,0.092,0
syn_00315,78837.93,10467.95,0.1328,63136.01,12,18,26.2,13.7,359,0.9678,0.0566,4.88,0.66,0.356,-0.0248,0.975,35219.31,0.1045,0
syn_00316,54457.44,11285.53,0.2072,37529.15,12,27,27.3,19.1,521,0.9411,0.0192,4.92,0.43,0.317,0.0448,1.045,25958.53,0.0924,0
syn_00317,54691.12,5373.37,0.0982,46631.06,12,47,23.4,19.9,466,0.9498,0.0383,4.75,0.632,0.233,-0.0431,0.957,23881.91,0.1282,0
syn_00318,27237.35,16247.55,0.5965,10894.94,11,11,11.9,10.6,126,0.6968,0.2098,4.39,0.595,0.216,-0.1204,0.88,15226.75,0.3358,1
syn_00319,57743.69,12565.75,0.2176,38895.06,12,26,26.5,19.5,515,0.9884,0.0289,4.93,0.543,0.311,0.0369,1.037,32559.85,0.1875,0
syn_00320,29169.16,8166.95,0.28,16918.73,11,11,19.3,10.0,193,0.8555,0.096,4.51,0.566,0.305,-0.0158,0.984,16616.25,0.319,1
syn_00321,38092.75,8436.42,0.2215,25438.11,12,14,20.8,13.0,270,0.8238,0.0931,4.74,0.646,0.314,-0.0532,0.947,15923.3,0.1841,0
syn_00322,78934.6,14019.04,0.1776,57906.03,12,29,22.6,20.8,468,0.9536,0.0134,4.88,0.523,0.214,0.0334,1.033,44140.31,0.1381,0
syn_00323,18781.4,9958.09,0.5302,7512.56,8,8,15.9,6.8,108,0.6828,0.1671,4.23,0.437,0.447,-0.116,0.884,10414.35,0.3652,1
syn_00324,76516.48,11052.79,0.1444,59937.3,12,23,27.0,21.9,589,0.9235,0.0148,4.92,0.61,0.234,0.0064,1.006,45307.52,0.0609,0
syn_00325,61707.26,5170.76,0.0838,53951.12,12,36,27.5,13.1,359,0.9733,0.0547,4.85,0.685,0.327,0.0571,1.057,32220.96,0.1182,0
syn_00326,78683.9,7867.92,0.1,66882.02,12,26,26.1,15.5,405,0.9395,0.0302,4.98,0.476,0.328,-0.039,0.961,45910.92,0.1043,0
syn_00327,50782.94,6218.41,0.1225,41455.33,12,27,28.8,21.5,618,0.9434,0.0385,4.96,0.403,0.312,-0.0488,0.951,20837.57,0.2027,1
syn_00328,47908.43,13294.7,0.2775,27966.39,12,19,19.8,12.2,241,0.8606,0.0752,4.74,0.518,0.374,0.0463,1.046,22964.95,0.1459,1
syn_00329,67562.93,8914.0,0.1319,54191.93,12,47,27.4,14.5,398,0.9469,0.0273,4.85,0.395,0.256,0.1064,1.106,29808.57,0.1089,0
syn_00330,48290.79,8246.21,0.1708,35921.46,12,25,25.6,17.0,435,0.9877,0.0386,4.95,0.587,0.293,-0.0221,0.978,20591.39,0.1682,0
syn_00331,60623.34,12208.84,0.2014,42310.08,12,31,23.7,21.7,514,0.9871,0.0224,4.83,0.409,0.384,0.1291,1.129,30997.45,0.193,0
syn_00332,60361.21,7815.95,0.1295,48637.29,12,19,24.2,17.4,421,0.9425,0.0196,4.82,0.693,0.26,0.145,1.145,30848.04,0.111,0
syn_00333,40146.49,9543.45,0.2377,25831.31,12,19,20.7,9.4,194,0.8796,0.1266,4.55,0.681,0.218,0.0436,1.044,17312.67,0.1042,1
syn_00334,67847.52,10602.68,0.1563,51943.5,12,28,22.9,15.6,357,0.9367,0.0207,4.84,0.691,0.439,0.0908,1.091,35732.86,0.0731,0
syn_00335,29360.75,8320.27,0.2834,16880.34,11,11,17.9,12.0,215,0.8978,0.1372,4.71,0.464,0.282,-0.0673,0.933,15779.44,0.2767,1
syn_00336,34081.89,13030.37,0.3823,14536.33,12,20,18.1,11.7,210,0.8927,0.1224,4.75,0.363,0.388,-0.0982,0.902,16293.31,0.234,1
syn_00337,37488.7,10750.08,0.2868,21363.57,12,12,20.1,14.3,287,0.8769,0.1169,4.63,0.429,0.265,-0.1382,0.862,18804.32,0.144,1
syn_00338,77687.86,15652.42,0.2015,54209.24,12,21,27.0,14.0,376,0.9743,0.0504,4.93,0.559,0.315,-0.0272,0.973,33649.34,0.1132,0
syn_00339,68446.82,6256.22,0.0914,59062.49,12,19,25.0,15.6,391,0.9582,0.0167,4.91,0.56,0.417,0.109,1.109,39640.11,0.0653,0
syn_00340,29505.57,7154.49,0.2425,18773.83,12,18,16.3,10.5,172,0.8336,0.0834,4.6,0.345,0.384,0.0669,1.067,12776.07,0.2597,1
syn_00341,58910.78,12941.17,0.2197,39499.02,12,37,23.8,15.5,369,0.9851,0.0112,4.91,0.351,0.363,0.0951,1.095,23865.47,0.1787,0
syn_00342,20708.7,8134.03,0.3928,8507.65,12,13,11.9,10.0,118,0.7693,0.2365,4.12,0.425,0.331,-0.2219,0.778,8579.38,0.3305,1
syn_00343,59521.92,8743.85,0.1469,46406.13,12,47,24.5,19.1,468,0.9664,0.0458,4.81,0.656,0.312,0.0131,1.013,27909.71,0.0693,0
syn_00344,69464.48,13543.93,0.195,49148.59,12,20,23.7,16.8,398,0.9787,0.0539,4.81,0.628,0.39,0.0601,1.06,40263.3,0.0681,0
syn_00345,62017.41,7934.22,0.1279,50116.08,12,43,25.8,13.8,356,0.973,0.0391,4.79,0.32,0.343,-0.0124,0.988,36503.42,0.0751,1
syn_00346,34992.29,11871.81,0.3393,17184.57,12,13,17.9,9.2,164,0.8935,0.1163,4.65,0.35,0.232,0.0206,1.021,19554.52,0.2301,1
syn_00347,47254.65,16334.49,0.3457,22752.92,12,21,17.3,9.6,166,0.9013,0.1121,4.65,0.426,0.439,0.0297,1.03,20466.38,0.1739,1
syn_00348,53328.11,9583.64,0.1797,38952.65,12,35,23.2,15.1,351,0.9546,0.0557,4.8,0.359,0.361,-0.0212,0.979,26657.45,0.1843,0
syn_00349,69869.74,11396.86,0.1631,52774.45,12,22,27.3,15.8,430,0.9514,0.0303,4.98,0.406,0.424,0.0084,1.008,36967.41,0.0809,0
syn_00350,77023.54,7981.56,0.1036,65051.2,12,37,28.8,17.1,491,0.9862,0.0438,4.82,0.342,0.306,-0.0123,0.988,44781.22,0.0744,0
syn_00351,30606.41,10672.02,0.3487,14598.38,10,10,17.4,9.6,166,0.8367,0.1431,4.71,0.406,0.21,-0.0686,0.931,15075.03,0.2593,1
syn_00352,66223.91,13015.3,0.1965,46700.96,12,44,28.9,14.5,418,0.9684,0.0437,4.98,0.343,0.395,0.1471,1.147,36507.72,0.1386,0
syn_00353,23198.26,12008.48,0.5176,9279.3,7,7,12.5,6.9,85,0.7796,0.3366,4.5,0.665,0.358,-0.2976,0.702,10497.53,0.3825,1
syn_00354,42387.76,9563.71,0.2256,28042.2,12,12,18.6,12.8,237,0.8346,0.1341,4.56,0.307,0.427,0.0,1.0,20379.67,0.1517,1
syn_00355,79979.21,8765.75,0.1096,66830.58,12,42,23.9,19.0,452,0.9876,0.0558,4.87,0.626,0.295,0.109,1.109,32352.58,0.0528,0
syn_00356,79404.27,13352.28,0.1682,59375.85,12,28,24.9,14.5,361,0.989,0.051,4.81,0.672,0.324,-0.036,0.964,45730.85,0.0442,0
syn_00357,42171.67,15450.63,0.3664,18995.73,12,15,17.2,11.2,192,0.8837,0.0664,4.59,0.538,0.422,-0.027,0.973,21300.63,0.2366,1
syn_00358,68160.6,9435.72,0.1384,54007.02,12,36,23.0,13.8,318,0.9212,0.0537,4.8,0.365,0.44,-0.0077,0.992,36533.86,0.1412,0
syn_00359,20288.06,12658.85,0.624,8115.22,12,12,10.2,5.1,51,0.6534,0.2632,4.29,0.393,0.403,-0.1946,0.805,10457.74,0.2236,1
syn_00360,32734.41,11313.21,0.3456,15764.59,11,11,21.8,11.5,250,0.8458,0.138,4.67,0.443,0.449,-0.0469,0.953,18303.4,0.2116,1
syn_00361,66107.26,13773.17,0.2083,45447.5,12,32,27.6,17.1,470,0.9703,0.0393,4.86,0.513,0.358,-0.0115,0.988,36414.28,0.1085,0
syn_00362,60026.28,5635.29,0.0939,51573.34,12,21,26.4,17.0,448,0.9745,0.021,4.79,0.507,0.221,0.0313,1.031,27486.97,0.1889,0
syn_00363,18710.25,10617.3,0.5675,7484.1,10,10,9.9,10.8,106,0.6797,0.2761,4.2,0.432,0.262,-0.1347,0.865,8706.18,0.4481,1
syn_00364,24523.97,14692.6,0.5991,9809.59,7,7,10.7,6.4,68,0.6978,0.2263,4.2,0.435,0.202,-0.3441,0.656,9978.26,0.3628,1
syn_00365,30932.17,7792.84,0.2519,19242.9,12,21,21.5,12.7,273,0.8245,0.116,4.58,0.609,0.321,-0.0652,0.935,13542.5,0.2786,1
syn_00366,16136.42,10967.57,0.6797,6454.57,12,12,15.6,9.7,152,0.6842,0.3091,4.46,0.515,0.344,-0.2633,0.737,9520.94,0.5739,1
syn_00367,47207.34,10806.59,0.2289,30997.45,8,8,17.0,9.1,154,0.8767,0.1439,4.67,0.574,0.326,0.0392,1.039,23206.98,0.0864,1
syn_00368,30987.63,10834.87,0.3497,14735.33,12,15,17.2,14.2,244,0.8813,0.0741,4.74,0.621,0.404,-0.0308,0.969,14707.77,0.1432,1
syn_00369,20914.44,12990.21,0.6211,8365.78,8,8,10.1,8.3,83,0.7429,0.1588,4.28,0.352,0.38,-0.094,0.906,12133.56,0.4198,1
syn_00370,59394.15,11311.5,0.1904,42426.91,12,36,23.6,18.8,443,0.9365,0.0457,4.95,0.471,0.24,-0.0246,0.975,28585.51,0.1818,0
syn_00371,30115.93,9674.08,0.3212,15604.81,12,20,21.7,14.6,317,0.8714,0.1455,4.63,0.633,0.301,-0.0593,0.941,15100.23,0.3018,1
syn_00372,66328.72,7519.5,0.1134,55049.47,12,32,27.6,17.4,478,0.9434,0.0153,4.8,0.423,0.209,0.1399,1.14,37557.19,0.0866,0
syn_00373,65654.8,8529.76,0.1299,52860.16,12,34,25.1,21.7,545,0.9464,0.0229,4.81,0.525,0.251,0.0416,1.042,36688.06,0.1498,0
syn_00374,45050.85,11696.97,0.2596,27505.4,8,8,22.1,11.1,245,0.8923,0.0887,4.73,0.378,0.436,-0.1209,0.879,22588.23,0.1126,1
syn_00375,27002.72,14968.79,0.5543,10801.09,7,7,11.2,9.2,102,0.762,0.3477,4.21,0.42,0.238,-0.1484,0.852,15587.88,0.1763,1
syn_00376,72201.92,11231.2,0.1556,55355.12,12,29,22.5,13.2,296,0.9272,0.0305,4.96,0.343,0.419,0.0775,1.077,36586.53,0.1415,0
syn_00377,38245.21,12141.9,0.3175,20032.37,10,10,20.4,14.7,299,0.878,0.1086,4.51,0.634,0.239,-0.1355,0.864,22698.76,0.134,1
syn_00378,59913.83,6929.21,0.1157,49520.01,12,25,25.4,16.7,423,0.9891,0.0128,4.78,0.505,0.332,-0.0394,0.961,35295.12,0.1441,0
syn_00379,31953.81,9067.32,0.2838,18352.82,10,10,20.2,10.3,206,0.8316,0.1473,4.51,0.675,0.373,0.0346,1.035,17272.86,0.2732,1
syn_00380,74950.2,8192.27,0.1093,62661.79,12,25,22.5,19.3,435,0.9482,0.056,4.9,0.461,0.213,-0.0319,0.968,41094.34,0.1538,0
syn_00381,60831.05,7853.25,0.1291,49051.17,12,21,27.4,20.2,554,0.9307,0.0283,4.84,0.551,0.23,-0.0197,0.98,27894.34,0.1674,0
syn_00382,20073.1,11344.12,0.5651,8029.24,11,11,16.3,8.3,135,0.6797,0.2195,4.45,0.668,0.224,-0.1567,0.843,8563.9,0.3863,1
syn_00383,72221.66,11912.26,0.1649,54353.27,12,40,23.2,20.2,467,0.9704,0.0143,4.86,0.565,0.409,-0.0152,0.985,43071.83,0.0836,0
syn_00384,75249.19,7669.83,0.1019,63744.44,12,21,28.8,20.6,593,0.9551,0.0591,4.77,0.326,0.337,0.0106,1.011,39881.97,0.1162,0
syn_00385,33113.32,9699.33,0.2929,18564.33,12,18,21.9,10.2,222,0.9027,0.1106,4.69,0.481,0.236,0.0141,1.014,16100.94,0.1584,0
syn_00386,58231.07,11735.52,0.2015,40627.78,12,46,28.2,16.2,454,0.9258,0.0462,4.82,0.453,0.311,0.1066,1.107,29287.12,0.1199,0
syn_00387,64830.29,12527.28,0.1932,46039.37,12,29,24.5,17.7,434,0.967,0.0235,4.81,0.504,0.336,0.1367,1.137,31414.34,0.1467,0
syn_00388,54186.86,11547.45,0.2131,36865.68,12,20,24.9,17.2,427,0.9237,0.0119,4.91,0.367,0.247,0.0576,1.058,29877.28,0.1399,0
syn_00389,55918.82,9524.83,0.1703,41631.56,12,26,26.6,20.4,542,0.9492,0.0137,4.81,0.528,0.43,0.146,1.146,25613.76,0.1496,0
syn_00390,20956.66,14300.94,0.6824,8382.66,8,8,14.4,5.4,77,0.7292,0.1905,4.3,0.501,0.408,-0.2134,0.787,11078.65,0.3536,1
syn_00391,46710.46,18798.23,0.4024,18684.18,12,13,17.5,9.2,161,0.8941,0.1345,4.74,0.597,0.27,0.0547,1.055,23074.48,0.1628,1
syn_00392,36273.31,13422.29,0.37,16139.87,9,9,20.9,14.9,311,0.8478,0.1048,4.58,0.381,0.418,-0.0487,0.951,16800.28,0.252,1
syn_00393,58530.36,7260.24,0.124,47640.0,12,44,25.6,21.5,549,0.9233,0.0276,4.95,0.502,0.447,0.0292,1.029,30145.55,0.0819,0
syn_00394,56392.78,7954.19,0.141,44461.49,12,19,23.1,21.5,497,0.9737,0.0234,4.89,0.61,0.341,0.0943,1.094,23892.09,0.2034,0
syn_00395,30522.75,9947.57,0.3259,15601.4,9,9,17.9,9.1,163,0.8923,0.0629,4.65,0.699,0.308,-0.026,0.974,15357.75,0.3215,1
syn_00396,54119.75,8992.54,0.1662,40630.94,12,45,24.8,13.4,332,0.9443,0.0233,4.91,0.515,0.218,0.1398,1.14,23688.58,0.1,0
syn_00397,23553.35,15160.04,0.6436,9421.34,11,11,14.2,10.8,153,0.7714,0.3342,4.32,0.304,0.249,-0.3149,0.685,13534.35,0.3032,1
syn_00398,60275.49,8403.13,0.1394,47670.79,12,46,27.0,18.4,497,0.9409,0.0305,4.8,0.389,0.395,0.1432,1.143,31682.76,0.0693,0
syn_00399,63182.5,5142.78,0.0814,55468.33,12,20,22.6,20.3,457,0.974,0.0558,4.95,0.393,0.411,0.0866,1.087,28017.03,0.0549,0
syn_00400,31113.85,8249.31,0.2651,18739.89,12,23,17.5,13.8,240,0.8387,0.066,4.75,0.522,0.425,-0.1443,0.856,16394.72,0.2896,1
syn_00401,15980.36,7352.8,0.4601,6392.14,3,3,14.4,10.3,148,0.7282,0.2675,4.18,0.501,0.236,-0.1085,0.891,8729.75,0.5843,1
syn_00402,64698.59,10480.63,0.162,48977.65,12,28,22.1,19.8,437,0.9699,0.0283,4.76,0.374,0.344,0.101,1.101,35711.66,0.1792,0
syn_00403,70304.42,11137.36,0.1584,53598.37,12,28,24.7,16.8,414,0.9593,0.0103,4.77,0.528,0.42,0.1263,1.126,32244.37,0.0526,0
syn_00404,16126.06,9580.96,0.5941,6450.42,11,11,12.3,7.8,96,0.6584,0.1801,4.43,0.6,0.268,-0.2138,0.786,8437.09,0.3726,1
syn_00405,77464.21,12504.46,0.1614,58707.51,12,25,25.7,18.4,472,0.9456,0.0504,4.87,0.606,0.262,-0.0267,0.973,38161.05,0.0537,0
syn_00406,71311.81,7698.38,0.108,59764.24,12,21,24.6,17.5,430,0.9708,0.0157,4.84,0.623,0.373,0.047,1.047,31115.33,0.1103,0
syn_00407,36240.35,8975.99,0.2477,22776.36,12,19,20.7,12.1,250,0.8839,0.0904,4.73,0.658,0.267,-0.0149,0.985,18484.0,0.1245,1
syn_00408,76680.21,13495.7,0.176,56436.66,12,44,28.0,13.8,386,0.9805,0.026,4.79,0.354,0.274,-0.0021,0.998,42155.84,0.0882,0
syn_00409,34934.38,12900.93,0.3693,15582.98,12,15,22.3,13.5,301,0.8532,0.127,4.54,0.511,0.364,-0.12,0.88,15317.31,0.1739,1
syn_00410,57899.79,10258.59,0.1772,42511.9,12,43,22.1,16.4,361,0.9446,0.0372,4.77,0.525,0.385,0.108,1.108,26899.81,0.0857,0
syn_00411,44177.17,12322.79,0.2789,25692.98,12,13,20.0,13.5,269,0.8579,0.0872,4.61,0.393,0.377,0.0381,1.038,21690.25,0.2168,1
syn_00412,36302.14,8635.12,0.2379,23349.47,12,21,19.1,10.4,197,0.8491,0.1295,4.52,0.435,0.222,0.0403,1.04,17453.61,0.1809,1
syn_00413,20975.23,9471.42,0.4516,8390.09,11,11,16.5,7.1,116,0.6774,0.2583,4.5,0.698,0.37,-0.3489,0.651,8648.31,0.2713,1
syn_00414,61052.62,7340.74,0.1202,50041.5,12,47,25.9,15.7,407,0.9261,0.0101,4.85,0.412,0.24,0.1174,1.117,24430.73,0.1335,0
syn_00415,73370.88,15173.53,0.2068,50610.58,12,26,28.8,15.1,434,0.9817,0.0264,4.78,0.481,0.447,0.124,1.124,41605.24,0.1189,0
syn_00416,63420.81,9540.94,0.1504,49109.39,12,28,24.2,19.6,473,0.9812,0.0569,4.94,0.459,0.279,0.1201,1.12,27576.78,0.1254,0
syn_00417,78771.57,9751.78,0.1238,64143.89,12,26,22.7,17.7,402,0.924,0.0155,4.8,0.427,0.393,0.0429,1.043,34664.34,0.0876,0
syn_00418,73457.42,10783.59,0.1468,57282.04,12,18,22.9,15.1,346,0.9853,0.053,4.91,0.386,0.403,0.0464,1.046,29746.66,0.1046,0
syn_00419,69634.98,9519.11,0.1367,55356.31,12,24,28.5,13.8,393,0.9558,0.0559,4.96,0.329,0.257,-0.0187,0.981,33158.49,0.0905,0
syn_00420,25156.78,9715.76,0.3862,10583.14,12,12,11.6,8.8,101,0.6968,0.331,4.37,0.513,0.276,-0.3284,0.672,10275.2,0.3595,1
syn_00421,66498.31,14238.43,0.2141,45140.67,12,23,25.5,13.7,350,0.9634,0.027,4.95,0.382,0.28,0.0369,1.037,37357.34,0.0712,0
syn_00422,77815.41,8478.93,0.109,65097.01,12,46,24.5,14.3,351,0.9557,0.033,4.96,0.623,0.201,0.136,1.136,39036.29,0.0829,0
syn_00423,55350.92,5974.58,0.1079,46389.05,12,30,22.3,18.8,418,0.9384,0.0126,4.8,0.386,0.273,0.1104,1.11,27862.92,0.1927,0
syn_00424,77146.7,12817.82,0.1661,57919.96,12,29,24.9,21.4,532,0.9234,0.0205,4.88,0.579,0.36,0.0731,1.073,40069.4,0.0435,0
syn_00425,61667.6,6045.0,0.098,52600.09,12,20,28.6,17.3,494,0.9422,0.0483,4.86,0.605,0.234,0.012,1.012,26305.52,0.1671,0
syn_00426,48643.9,9017.69,0.1854,35117.36,12,44,25.3,17.0,430,0.9205,0.051,4.83,0.513,0.3,0.0582,1.058,22350.61,0.187,0
syn_00427,18875.95,7936.75,0.4205,7550.38,10,10,15.7,7.2,112,0.7623,0.2389,4.18,0.631,0.393,-0.1695,0.831,9765.13,0.2545,1
syn_00428,65171.44,13743.03,0.2109,44556.89,12,23,27.8,20.6,573,0.9412,0.0315,4.86,0.396,0.221,-0.0185,0.981,26760.66,0.0503,0
syn_00429,23671.48,15900.24,0.6717,9468.59,9,9,11.8,8.7,102,0.6566,0.1792,4.45,0.622,0.27,-0.12,0.88,12418.95,0.2642,1
syn_00430,75700.64,8613.9,0.1138,62779.8,12,33,22.5,16.2,365,0.9723,0.0375,4.94,0.316,0.446,0.1419,1.142,36278.73,0.1339,0
syn_00431,69334.68,8306.32,0.1198,56875.2,12,22,26.1,18.3,477,0.9512,0.0518,4.81,0.36,0.433,0.0397,1.04,32398.37,0.1131,0
syn_00432,48650.91,5289.63,0.1087,40716.47,12,39,25.4,20.9,531,0.9569,0.0565,4.86,0.66,0.428,0.0481,1.048,21380.56,0.0838,0
syn_00433,23802.22,14974.57,0.6291,9520.89,8,8,10.0,8.6,86,0.6558,0.2445,4.17,0.373,0.343,-0.2951,0.705,12222.74,0.2657,1
syn_00434,42765.91,12279.03,0.2871,24347.37,12,16,21.4,11.6,247,0.8684,0.1183,4.5,0.336,0.431,0.0004,1.0,23009.37,0.1803,1
syn_00435,35134.46,11892.9,0.3385,17295.12,10,10,21.8,9.3,202,0.8437,0.1401,4.5,0.398,0.42,-0.1037,0.896,16770.37,0.2776,1
syn_00436,77385.12,10611.49,0.1371,61467.89,12,39,23.3,17.7,412,0.9836,0.0502,4.77,0.514,0.42,0.0885,1.089,32386.24,0.1053,0
syn_00437,50254.74,5977.3,0.1189,41288.78,12,32,24.3,21.5,521,0.9398,0.033,4.9,0.351,0.436,-0.0176,0.982,22729.83,0.1468,0
syn_00438,56474.12,11899.27,0.2107,38625.22,12,41,27.0,19.8,534,0.9353,0.0322,4.89,0.408,0.406,0.104,1.104,23014.73,0.0697,0
syn_00439,58061.89,9367.45,0.1613,44010.72,12,31,27.1,16.7,452,0.964,0.045,4.91,0.655,0.295,-0.0396,0.96,29515.72,0.1849,0
syn_00440,37521.13,15696.49,0.4183,15008.45,9,9,21.4,10.3,219,0.8701,0.081,4.6,0.537,0.295,0.0294,1.029,20800.96,0.2299,0
syn_00441,65916.5,9762.02,0.1481,51273.47,12,36,25.5,14.6,372,0.9769,0.0371,4.78,0.345,0.433,0.1032,1.103,27061.27,0.1728,0
syn_00442,61012.37,8153.88,0.1336,48781.55,12,25,27.6,17.1,471,0.932,0.0234,4.87,0.675,0.428,-0.0205,0.979,29703.9,0.1394,0
syn_00443,16710.35,7966.3,0.4767,6684.14,5,5,16.2,10.8,175,0.7961,0.1631,4.5,0.489,0.353,-0.223,0.777,8547.7,0.2721,1
syn_00444,20642.64,13257.05,0.6422,8257.05,10,10,16.2,5.7,92,0.7404,0.1997,4.12,0.641,0.429,-0.1494,0.851,11713.03,0.427,1
syn_00445,58261.21,9166.08,0.1573,44512.09,12,45,22.4,13.4,299,0.9704,0.0322,4.81,0.442,0.28,-0.0119,0.988,34952.05,0.155,0
syn_00446,15304.63,7922.54,0.5177,6121.85,10,10,16.0,6.8,108,0.6661,0.2993,4.35,0.383,0.326,-0.1789,0.821,8752.72,0.3115,1
syn_00447,78349.6,15508.91,0.1979,55086.24,12,26,27.1,13.7,370,0.9274,0.0346,4.79,0.472,0.269,0.1457,1.146,39371.18,0.0565,0
syn_00448,26878.46,17378.49,0.6466,10751.38,3,3,11.4,9.7,110,0.6553,0.343,4.32,0.316,0.364,-0.259,0.741,15770.1,0.2349,0
syn_00449,55871.99,8631.78,0.1545,42924.32,12,46,25.4,19.3,490,0.9248,0.0197,4.8,0.507,0.288,0.0976,1.098,27114.77,0.0842,0
syn_00450,56592.0,9710.79,0.1716,42025.81,12,19,25.7,21.5,553,0.9477,0.0447,4.86,0.583,0.435,0.0525,1.053,28805.89,0.0956,0
syn_00451,63881.44,9979.85,0.1562,48911.67,12,19,23.2,19.8,459,0.9889,0.0573,4.8,0.449,0.323,0.1251,1.125,32530.39,0.1462,0
syn_00452,46018.15,16328.96,0.3548,21524.71,11,11,20.4,9.6,196,0.8804,0.0709,4.52,0.472,0.244,-0.0287,0.971,22191.7,0.1394,1
syn_00453,23936.68,11588.56,0.4841,9574.67,9,9,9.8,10.9,105,0.6987,0.229,4.37,0.658,0.372,-0.3426,0.657,11793.23,0.3572,1
syn_00454,70099.69,11225.56,0.1601,53261.35,12,19,24.8,16.3,404,0.9352,0.0435,4.97,0.402,0.406,-0.0149,0.985,36112.77,0.1195,0
syn_00455,57752.35,6090.17,0.1055,48617.1,12,34,22.6,19.4,439,0.9337,0.0445,4.84,0.566,0.272,0.0332,1.033,30404.2,0.1251,0
syn_00456,54731.91,4555.15,0.0832,47899.18,12,23,28.3,14.9,421,0.9359,0.024,4.78,0.436,0.377,0.0779,1.078,31370.11,0.0672,0
syn_00457,41016.56,9977.47,0.2433,26050.35,12,12,19.8,11.6,229,0.8468,0.1144,4.72,0.447,0.428,0.0797,1.08,21290.01,0.1864,0
syn_00458,60273.1,11881.45,0.1971,42450.94,12,29,26.6,18.5,492,0.9434,0.0509,4.76,0.567,0.203,0.1242,1.124,31363.11,0.1263,0
syn_00459,19458.56,8255.07,0.4242,7783.43,7,7,12.5,8.0,99,0.7186,0.2825,4.28,0.528,0.415,-0.0616,0.938,8532.67,0.3852,1
syn_00460,75210.17,8258.0,0.1098,62823.16,12,20,26.7,17.9,477,0.9783,0.0163,4.78,0.543,0.433,0.0614,1.061,38883.69,0.1531,0
syn_00461,28451.37,6901.5,0.2426,18099.13,12,23,20.3,13.9,282,0.8485,0.0815,4.7,0.545,0.346,-0.137,0.863,14192.63,0.2185,1
syn_00462,56302.37,5171.42,0.0919,48545.24,12,37,22.8,15.0,343,0.955,0.052,4.91,0.377,0.215,0.1078,1.108,29224.83,0.1094,0
syn_00463,31336.59,7186.64,0.2293,20556.64,12,23,21.5,10.5,225,0.903,0.1234,4.74,0.503,0.332,-0.0559,0.944,15888.56,0.2544,1
syn_00464,41275.83,10016.71,0.2427,26250.76,12,19,21.0,12.0,252,0.9094,0.1428,4.51,0.359,0.387,0.0387,1.039,21734.45,0.1024,1
syn_00465,66585.5,11986.34,0.18,48605.99,12,23,28.4,19.3,549,0.967,0.0297,4.75,0.33,0.248,-0.026,0.974,30960.53,0.1173,0
syn_00466,45895.24,11176.02,0.2435,29131.22,12,19,22.9,10.3,235,0.8212,0.1498,4.57,0.428,0.368,0.0036,1.004,22211.2,0.1103,0
syn_00467,58766.41,6438.99,0.1096,49107.93,12,36,24.2,14.6,353,0.9831,0.0299,4.81,0.526,0.239,0.0397,1.04,26510.48,0.1001,0
syn_00468,41012.13,16320.26,0.3979,16531.73,12,16,19.1,14.4,274,0.8951,0.104,4.65,0.431,0.356,-0.0751,0.925,19133.38,0.2414,1
syn_00469,62400.78,7898.48,0.1266,50553.06,12,18,25.1,15.4,385,0.9315,0.0445,4.87,0.568,0.319,-0.01,0.99,30054.61,0.0942,0
syn_00470,40429.29,15184.25,0.3756,17652.91,8,8,19.5,11.1,217,0.8477,0.1179,4.67,0.653,0.332,0.0503,1.05,18033.3,0.1497,1
syn_00471,71978.09,15479.37,0.2151,48759.04,12,35,22.5,13.5,303,0.9856,0.0365,4.89,0.635,0.218,0.0465,1.046,32129.73,0.0534,0
syn_00472,22708.8,15431.04,0.6795,9083.52,5,5,14.4,7.5,107,0.7672,0.2122,4.22,0.32,0.208,-0.051,0.949,10697.12,0.3635,1
syn_00473,38747.58,15040.15,0.3882,16187.36,12,20,16.2,11.2,181,0.8437,0.1003,4.52,0.672,0.201,0.0695,1.069,16101.11,0.1378,1
syn_00474,30794.41,7366.8,0.2392,19744.21,12,22,19.0,14.6,277,0.8742,0.1075,4.54,0.666,0.252,-0.1498,0.85,17937.29,0.2877,1
syn_00475,40075.1,10130.44,0.2528,24879.44,9,9,21.2,10.8,228,0.8663,0.1139,4.54,0.47,0.262,0.0206,1.021,18736.14,0.1451,1
syn_00476,45634.35,18179.08,0.3984,18365.72,12,12,17.4,12.7,220,0.8288,0.0952,4.68,0.341,0.38,0.0017,1.002,24801.89,0.1698,1
syn_00477,55966.19,7019.36,0.1254,45437.16,12,39,24.3,13.2,322,0.9439,0.0502,4.96,0.67,0.206,0.0536,1.054,33234.69,0.1269,0
syn_00478,32386.41,9903.03,0.3058,17531.86,12,16,20.6,13.4,274,0.8201,0.1443,4.54,0.695,0.279,-0.0963,0.904,19186.87,0.1723,1
syn_00479,71022.72,14178.95,0.1996,49754.3,12,21,23.8,13.2,313,0.9356,0.0128,4.77,0.452,0.303,0.0363,1.036,35284.86,0.0714,0
syn_00480,45134.6,18451.88,0.4088,18053.84,12,15,18.4,12.4,226,0.8295,0.078,4.6,0.542,0.373,-0.1026,0.897,25651.92,0.2051,1
syn_00481,66186.21,9367.41,0.1415,52135.1,12,44,22.5,17.2,386,0.9775,0.0407,4.94,0.418,0.324,0.0488,1.049,39531.17,0.0614,0
syn_00482,55403.16,5490.01,0.0991,47168.15,12,30,23.4,13.5,315,0.9339,0.0105,4.89,0.443,0.202,0.0133,1.013,31095.39,0.2122,0
syn_00483,46803.6,18647.25,0.3984,18832.72,8,8,19.7,12.3,242,0.8854,0.0948,4.66,0.629,0.253,-0.1397,0.86,23802.15,0.0924,1
syn_00484,60804.97,6145.52,0.1011,51586.69,12,27,25.5,20.2,515,0.9509,0.0345,4.95,0.531,0.255,0.0912,1.091,33349.15,0.1219,0
syn_00485,49412.66,10816.08,0.2189,33188.54,12,42,22.9,20.2,462,0.9476,0.0346,4.95,0.464,0.362,0.0326,1.033,29160.39,0.1586,0
syn_00486,29591.76,12075.79,0.4081,11836.71,10,10,17.8,14.1,251,0.9063,0.1295,4.54,0.405,0.23,0.039,1.039,14223.44,0.2911,1
syn_00487,59498.85,8719.57,0.1466,46419.49,12,35,24.5,18.8,460,0.9831,0.0182,4.84,0.325,0.351,-0.0218,0.978,27025.92,0.145,0
syn_00488,64953.89,11283.06,0.1737,48029.3,12,44,27.8,14.4,399,0.9227,0.0539,4.82,0.41,0.208,-0.0242,0.976,31199.87,0.1111,1
syn_00489,79444.88,13441.01,0.1692,59283.36,12,44,23.1,21.2,489,0.9561,0.0177,4.96,0.388,0.31,0.1015,1.101,36398.77,0.1207,0
syn_00490,37065.24,14026.89,0.3784,16024.9,12,20,21.9,12.9,282,0.8428,0.0847,4.58,0.663,0.226,-0.1231,0.877,20685.97,0.1521,1
syn_00491,29915.08,12101.08,0.4045,11966.03,12,18,20.0,11.2,223,0.8957,0.0832,4.67,0.609,0.318,-0.1409,0.859,15267.64,0.3021,1
syn_00492,45881.83,14662.63,0.3196,23887.88,12,15,21.9,13.8,302,0.8611,0.0807,4.6,0.441,0.361,0.04,1.04,22716.68,0.1169,0
syn_00493,73420.3,6890.91,0.0939,63083.94,12,21,23.9,20.7,494,0.9443,0.0587,4.98,0.312,0.418,0.0037,1.004,33698.99,0.0459,0
syn_00494,53621.51,11498.45,0.2144,36373.84,12,21,26.9,20.2,542,0.9478,0.0268,4.8,0.679,0.242,0.0461,1.046,25397.56,0.1486,0
syn_00495,21254.63,10344.16,0.4867,8501.85,3,3,12.6,8.4,106,0.7241,0.2271,4.41,0.494,0.278,-0.1442,0.856,11690.22,0.4077,1
syn_00496,51376.44,9023.23,0.1756,37841.59,12,24,26.6,21.6,573,0.9711,0.0126,4.95,0.513,0.426,0.1225,1.123,24805.95,0.1361,0
syn_00497,62104.16,10052.55,0.1619,47025.34,12,23,27.7,21.9,606,0.9472,0.0124,4.93,0.422,0.443,0.0709,1.071,31116.31,0.0771,0
syn_00498,33609.26,12308.4,0.3662,15146.66,12,14,17.7,10.0,177,0.873,0.0861,4.66,0.351,0.433,-0.1229,0.877,18261.28,0.2359,1
syn_00499,25118.83,14436.87,0.5747,10047.53,5,5,16.8,7.2,121,0.7658,0.1533,4.27,0.45,0.438,-0.0609,0.939,13625.06,0.2864,1
syn_00500,77474.22,9678.93,0.1249,62955.83,12,27,23.8,17.8,423,0.9777,0.0152,4.97,0.461,0.396,0.109,1.109,35452.08,0.0598,0
syn_00501,20468.19,10928.0,0.5339,8187.28,4,4,12.0,7.2,86,0.6589,0.284,4.28,0.415,0.259,-0.2916,0.708,8995.52,0.4192,1
syn_00502,29895.37,6617.57,0.2214,19969.02,8,8,17.1,9.4,160,0.9196,0.086,4.54,0.649,0.299,-0.0946,0.905,14827.15,0.3217,1
syn_00503,60089.5,7471.28,0.1243,48882.58,12,24,26.7,15.6,417,0.9604,0.0133,4.79,0.323,0.276,0.0315,1.031,31519.92,0.1903,0
syn_00504,72344.3,5947.96,0.0822,63422.37,12,23,25.9,16.4,425,0.9555,0.0381,4.82,0.339,0.424,0.009,1.009,30800.19,0.1327,0
syn_00505,59505.38,5808.46,0.0976,50792.69,12,34,26.1,17.7,463,0.9342,0.0326,4.93,0.361,0.378,0.0681,1.068,29181.18,0.0651,0
syn_00506,36234.95,10384.58,0.2866,20658.09,8,8,20.7,10.3,212,0.8791,0.1422,4.7,0.465,0.415,0.0619,1.062,21663.65,0.2724,1
syn_00507,67638.66,12925.42,0.1911,48250.52,12,47,22.6,14.7,331,0.9731,0.0111,4.94,0.343,0.217,-0.0472,0.953,35644.3,0.1318,0
syn_00508,42844.02,13793.51,0.3219,22153.76,12,16,19.0,11.4,215,0.8226,0.0902,4.74,0.477,0.204,0.0509,1.051,20669.71,0.1395,0
syn_00509,79022.06,13990.8,0.177,58035.86,12,33,22.5,14.7,330,0.974,0.0521,4.89,0.386,0.21,0.0789,1.079,34318.8,0.0412,0
syn_00510,58807.94,8149.78,0.1386,46583.27,12,23,25.6,17.3,441,0.9389,0.0115,4.89,0.643,0.324,0.0291,1.029,25088.16,0.0967,0
syn_00511,54594.36,7739.96,0.1418,42984.42,12,38,22.5,20.4,458,0.9288,0.0552,4.95,0.485,0.435,0.0429,1.043,25992.97,0.1777,0
syn_00512,73122.3,14260.37,0.195,51731.74,12,31,25.9,14.6,378,0.9527,0.0584,4.92,0.632,0.212,0.1122,1.112,37031.19,0.0451,0
syn_00513,17565.08,8457.97,0.4815,7026.03,9,9,11.3,8.2,92,0.6588,0.1733,4.44,0.616,0.355,-0.3102,0.69,8946.35,0.3226,1
syn_00514,61985.08,8402.98,0.1356,49380.61,12,22,27.2,18.2,495,0.9472,0.0185,4.8,0.565,0.413,0.0651,1.065,30807.48,0.1099,0
syn_00515,79216.87,10033.12,0.1267,64167.19,12,32,26.2,13.8,361,0.9624,0.0145,4.97,0.683,0.325,0.0931,1.093,36374.74,0.1274,0
syn_00516,21998.99,11559.03,0.5254,8799.6,9,9,10.7,5.0,53,0.6911,0.247,4.26,0.353,0.212,-0.2155,0.785,11658.27,0.4274,1
syn_00517,43214.1,10802.34,0.25,27010.59,12,17,20.0,10.5,210,0.8428,0.061,4.53,0.535,0.216,-0.0789,0.921,17407.86,0.1088,1
syn_00518,18207.72,9541.4,0.524,7283.09,12,13,9.2,8.8,81,0.7204,0.1967,4.19,0.526,0.415,-0.1538,0.846,10270.39,0.3614,1
syn_00519,69552.54,6684.11,0.0961,59526.38,12,41,26.9,17.0,455,0.9861,0.0171,4.9,0.401,0.309,0.0264,1.026,37141.4,0.1669,0
syn_00520,48488.47,5373.4,0.1108,40428.37,12,26,24.0,17.0,407,0.932,0.0537,4.91,0.301,0.262,-0.033,0.967,22754.12,0.1825,0
syn_00521,24367.62,15230.84,0.625,9747.05,12,13,9.7,8.1,78,0.6894,0.1781,4.44,0.426,0.306,-0.3095,0.691,10046.39,0.2808,1
syn_00522,79111.35,8027.51,0.1015,67070.08,12,26,27.1,13.0,352,0.9617,0.0558,4.82,0.428,0.263,-0.0129,0.987,36191.84,0.1121,0
syn_00523,20945.12,13630.71,0.6508,8378.05,12,13,12.6,7.5,95,0.6766,0.2295,4.33,0.307,0.339,-0.3432,0.657,9293.95,0.3209,1
syn_00524,34477.91,8524.67,0.2473,21690.91,12,16,22.2,11.8,262,0.9078,0.1127,4.67,0.621,0.293,0.035,1.035,17941.93,0.2307,1
syn_00525,77266.7,7166.11,0.0927,66517.54,12,20,26.5,16.7,443,0.9484,0.044,4.77,0.517,0.43,0.0687,1.069,33561.37,0.1288,0
syn_00526,18567.36,9391.64,0.5058,7426.95,7,7,12.1,6.7,81,0.6957,0.3208,4.13,0.408,0.392,-0.1467,0.853,9861.11,0.2889,1
syn_00527,21026.12,11154.44,0.5305,8410.45,5,5,16.0,9.6,153,0.7372,0.2809,4.46,0.439,0.33,-0.3471,0.653,8800.51,0.3098,1
syn_00528,42283.06,16585.38,0.3922,17404.99,12,14,17.1,11.7,200,0.8608,0.1219,4.56,0.697,0.227,-0.0027,0.997,21833.86,0.2191,1
syn_00529,78666.49,7369.4,0.0937,67612.39,12,46,22.1,14.4,319,0.9897,0.019,4.87,0.575,0.369,0.1197,1.12,37689.29,0.0405,0
syn_00530,61095.99,7361.27,0.1205,50054.07,12,19,27.7,20.2,558,0.952,0.0403,4.89,0.514,0.312,0.1154,1.115,33291.85,0.1117,0
syn_00531,70995.32,7804.03,0.1099,59289.28,12,20,23.4,16.7,390,0.9359,0.0392,4.84,0.499,0.339,0.0398,1.04,39707.18,0.1104,0
syn_00532,31549.64,8532.43,0.2704,18750.99,12,19,21.7,14.7,318,0.8336,0.1048,4.55,0.513,0.236,-0.1362,0.864,18023.12,0.1887,1
syn_00533,53638.22,8843.35,0.1649,40373.19,12,42,24.4,18.3,445,0.9421,0.0143,4.8,0.536,0.318,-0.0124,0.988,25121.1,0.1277,0
syn_00534,44567.56,12683.74,0.2846,25541.95,12,22,17.7,10.6,186,0.8704,0.127,4.63,0.566,0.307,-0.1344,0.866,19556.51,0.1872,1
syn_00535,21830.62,13126.35,0.6013,8732.25,12,12,16.1,8.0,128,0.7033,0.2983,4.19,0.414,0.244,-0.2334,0.767,9935.45,0.4044,1
syn_00536,37083.35,11020.13,0.2972,20553.16,12,12,22.9,11.3,259,0.828,0.0681,4.65,0.507,0.326,-0.0121,0.988,19047.17,0.1756,1
syn_00537,51954.32,4891.19,0.0941,44617.54,12,21,26.3,14.8,387,0.9376,0.0187,4.97,0.569,0.331,0.1209,1.121,27768.9,0.0977,1
syn_00538,25453.42,16122.9,0.6334,10181.37,4,4,10.0,7.4,74,0.6789,0.1935,4.21,0.689,0.258,-0.1831,0.817,10447.44,0.2576,1
syn_00539,30861.63,12084.73,0.3916,12734.53,12,13,18.2,13.0,235,0.8766,0.1025,4.62,0.461,0.234,0.0184,1.018,14392.75,0.1467,1
syn_00540,63251.85,11822.16,0.1869,45518.61,12,21,23.8,17.3,412,0.9894,0.0443,4.94,0.381,0.3,0.033,1.033,37438.66,0.1567,0
syn_00541,41092.42,14869.82,0.3619,18787.69,12,13,20.1,11.1,224,0.8777,0.0908,4.52,0.432,0.298,0.0783,1.078,24060.86,0.1159,0
syn_00542,61142.41,11058.11,0.1809,44555.25,12,28,25.6,21.5,549,0.9229,0.0352,4.88,0.397,0.419,0.134,1.134,29672.42,0.0563,0
syn_00543,77859.62,13392.45,0.172,57770.94,12,39,25.1,13.4,336,0.9844,0.0335,4.76,0.627,0.415,0.088,1.088,44779.48,0.0942,0
syn_00544,41904.59,12722.23,0.3036,22821.25,8,8,20.0,12.9,257,0.855,0.1425,4.53,0.338,0.283,0.0044,1.004,17393.33,0.0961,1
syn_00545,66723.89,9475.32,0.142,52510.91,12,24,22.2,15.9,353,0.9767,0.0445,4.92,0.498,0.202,0.0896,1.09,38704.34,0.0869,0
syn_00546,66514.73,6020.46,0.0905,57484.05,12,27,28.6,16.3,465,0.9839,0.049,4.92,0.521,0.447,0.0713,1.071,31421.52,0.1299,0
syn_00547,45449.26,11958.97,0.2631,27510.8,12,20,16.6,11.9,197,0.8714,0.1346,4.61,0.538,0.348,-0.0187,0.981,26922.3,0.1576,1
syn_00548,79361.66,10723.4,0.1351,63276.56,12,21,23.6,14.5,343,0.9667,0.0405,4.9,0.485,0.298,-0.0324,0.968,41438.43,0.1391,0
syn_00549,18944.89,12436.55,0.6565,7577.96,12,13,15.3,10.6,161,0.6918,0.2612,4.22,0.641,0.352,-0.1028,0.897,9226.85,0.2389,1
syn_00550,21753.52,11402.58,0.5242,8701.41,5,5,9.1,8.3,75,0.7625,0.2643,4.41,0.41,0.22,-0.1786,0.821,12545.49,0.2222,1
syn_00551,58519.87,10583.95,0.1809,42643.95,12,34,26.5,16.0,423,0.9728,0.0424,4.9,0.535,0.263,0.0607,1.061,26960.02,0.053,0
syn_00552,63250.17,7681.68,0.1214,51727.65,12,28,25.6,14.5,370,0.9884,0.0154,4.96,0.552,0.285,0.1327,1.133,28779.96,0.1222,0
syn_00553,63940.15,10303.0,0.1611,48485.65,12,35,24.0,16.3,391,0.9259,0.0126,4.81,0.649,0.321,-0.0352,0.965,27968.34,0.0615,0
syn_00554,60222.66,9575.53,0.159,45859.36,12,33,22.8,22.0,501,0.9498,0.0274,4.91,0.343,0.412,0.0228,1.023,30662.12,0.1743,0
syn_00555,30905.72,8754.31,0.2833,17774.26,11,11,22.8,10.5,240,0.8656,0.0627,4.6,0.426,0.344,-0.0186,0.981,15349.41,0.3145,1
syn_00556,17968.62,8093.7,0.4504,7187.45,12,12,10.6,10.5,111,0.795,0.3027,4.26,0.312,0.233,-0.1987,0.801,9870.53,0.3796,1
syn_00557,20497.29,11181.03,0.5455,8198.92,11,11,12.0,9.4,112,0.7833,0.3003,4.4,0.355,0.3,-0.2886,0.711,10372.26,0.302,1
syn_00558,22958.06,11904.93,0.5186,9183.23,5,5,9.6,7.9,75,0.7694,0.2478,4.47,0.531,0.398,-0.2633,0.737,9474.49,0.2148,1
syn_00559,52333.4,6320.89,0.1208,42852.07,12,39,23.0,20.3,467,0.9356,0.0459,4.97,0.694,0.434,0.0556,1.056,26574.55,0.1502,0
syn_00560,21082.04,12446.46,0.5904,8432.82,12,12,16.2,7.4,118,0.8135,0.2273,4.35,0.508,0.267,-0.1371,0.863,11617.82,0.4389,1
syn_00561,41219.48,11730.25,0.2846,23624.11,12,16,19.4,12.7,246,0.8605,0.0779,4.74,0.518,0.336,-0.0324,0.968,21343.06,0.2039,1
syn_00562,63874.42,6622.15,0.1037,53941.19,12,22,22.9,21.4,489,0.9623,0.043,4.84,0.684,0.405,0.1318,1.132,28498.59,0.1369,0
syn_00563,18522.52,8731.53,0.4714,7409.01,4,4,11.2,10.1,113,0.6554,0.156,4.22,0.463,0.228,-0.29,0.71,8157.53,0.3055,1
syn_00564,42417.86,15511.97,0.3657,19149.91,12,19,16.0,14.7,235,0.9014,0.1414,4.5,0.596,0.44,0.0648,1.065,18348.11,0.2088,1
syn_00565,46912.59,14476.64,0.3086,25197.64,12,17,20.2,11.9,239,0.9133,0.0668,4.63,0.432,0.334,0.008,1.008,22677.37,0.1865,1
syn_00566,16657.5,6825.74,0.4098,6663.0,12,12,13.7,8.2,112,0.6953,0.3289,4.49,0.49,0.231,-0.2292,0.771,8715.37,0.5374,1
syn_00567,24548.33,12212.69,0.4975,9819.33,7,7,9.2,5.6,51,0.7344,0.2849,4.24,0.48,0.25,-0.1414,0.859,11272.91,0.3256,1
syn_00568,68273.13,7837.41,0.1148,56517.01,12,19,24.1,19.9,481,0.9429,0.0221,4.79,0.575,0.358,0.105,1.105,34768.04,0.061,0
syn_00569,33928.81,9365.26,0.276,19880.92,8,8,17.0,10.7,182,0.851,0.107,4.67,0.332,0.304,-0.0623,0.938,18076.15,0.2451,1
syn_00570,16145.65,10507.94,0.6508,6458.26,10,10,14.9,8.7,128,0.7894,0.2249,4.19,0.679,0.426,-0.1964,0.804,7949.06,0.4487,1
syn_00571,27264.57,11219.87,0.4115,10905.83,11,11,11.1,8.0,88,0.7939,0.2461,4.41,0.44,0.377,-0.3083,0.692,12368.43,0.2113,1
syn_00572,51197.82,9865.95,0.1927,36398.9,12,34,24.6,18.8,463,0.9708,0.0205,4.95,0.602,0.252,0.0732,1.073,28851.66,0.134,0
syn_00573,70261.69,13153.68,0.1872,50531.17,12,42,25.1,19.4,487,0.9471,0.0206,4.9,0.605,0.215,0.1452,1.145,35679.31,0.0825,0
syn_00574,26230.74,15433.73,0.5884,10492.3,11,11,15.9,5.7,89,0.7091,0.324,4.18,0.642,0.372,-0.3265,0.673,11355.36,0.3218,1
syn_00575,61415.98,6581.28,0.1072,51544.05,12,42,24.0,17.5,421,0.9572,0.0503,4.93,0.464,0.419,0.0663,1.066,34493.99,0.1633,0
syn_00576,57620.98,9272.97,0.1609,43711.52,12,18,24.6,17.8,438,0.9814,0.0556,4.81,0.394,0.382,0.0424,1.042,23634.83,0.1378,0
syn_00577,48296.08,6977.78,0.1445,37829.41,12,18,25.4,13.2,335,0.9681,0.0247,4.88,0.503,0.239,0.0102,1.01,25044.67,0.0933,0
syn_00578,30207.88,9472.0,0.3136,15999.89,12,20,16.5,12.6,207,0.8464,0.1075,4.63,0.68,0.394,0.0626,1.063,14602.5,0.2415,1
syn_00579,61836.68,12120.82,0.196,43655.46,12,43,27.8,14.7,408,0.9691,0.0245,4.82,0.318,0.443,0.0093,1.009,34259.67,0.1541,0
syn_00580,34373.95,10645.9,0.3097,18405.09,12,13,20.4,9.9,201,0.8389,0.1373,4.56,0.573,0.205,-0.0626,0.937,16065.37,0.2684,1
syn_00581,44263.64,18189.15,0.4109,17705.46,12,15,22.5,14.5,324,0.8712,0.0924,4.62,0.416,0.354,0.0087,1.009,24725.79,0.2102,1
syn_00582,40475.07,8950.1,0.2211,27049.92,12,22,17.3,9.6,166,0.8563,0.1051,4.51,0.498,0.307,-0.0699,0.93,19047.0,0.1254,1
syn_00583,21716.64,13367.14,0.6155,8686.65,5,5,13.5,10.6,142,0.7143,0.2374,4.14,0.579,0.356,-0.1673,0.833,12333.71,0.2736,1
syn_00584,71050.33,10950.35,0.1541,54624.81,12,32,24.8,15.9,393,0.9627,0.057,4.9,0.696,0.437,-0.0351,0.965,29971.53,0.1006,0
syn_00585,59620.24,11820.27,0.1983,41889.84,12,46,24.9,17.0,422,0.9644,0.0487,4.76,0.343,0.236,0.0686,1.069,31647.03,0.0785,0
syn_00586,78542.33,7555.34,0.0962,67209.31,12,32,28.6,19.6,561,0.9646,0.0423,4.94,0.633,0.218,-0.0286,0.971,36175.16,0.096,0
syn_00587,35583.22,10249.92,0.2881,20208.33,12,16,20.3,14.3,291,0.8696,0.1342,4.6,0.597,0.213,-0.1264,0.874,20984.6,0.1228,1
syn_00588,65523.58,6567.57,0.1002,55672.23,12,26,22.9,21.5,493,0.9763,0.019,4.84,0.596,0.299,0.0211,1.021,32627.95,0.1544,0
syn_00589,63928.21,8185.12,0.128,51650.53,12,29,23.7,16.6,392,0.9213,0.0486,4.79,0.595,0.375,-0.0412,0.959,28461.66,0.139,0
syn_00590,51339.89,11170.35,0.2176,34584.37,12,45,28.0,19.2,537,0.9857,0.0461,4.79,0.455,0.283,0.0384,1.038,26802.94,0.071,0
syn_00591,28951.66,8601.37,0.2971,16049.61,12,21,17.1,13.2,225,0.8306,0.1198,4.57,0.5,0.28,-0.1042,0.896,17263.73,0.3322,1
syn_00592,69512.41,13175.06,0.1895,49749.82,12,29,25.7,18.3,470,0.934,0.0244,4.79,0.678,0.249,-0.0001,1.0,34485.82,0.0723,0
syn_00593,39204.83,10624.54,0.271,23268.02,12,21,17.8,9.2,164,0.8505,0.127,4.51,0.364,0.3,-0.0996,0.9,17386.15,0.2101,1
syn_00594,29375.02,9443.45,0.3215,15209.85,12,23,18.3,12.0,220,0.8224,0.0882,4.7,0.453,0.409,-0.0226,0.977,15947.55,0.2282,1
syn_00595,20113.59,13091.86,0.6509,8045.43,7,7,12.4,8.3,103,0.6893,0.2961,4.32,0.369,0.201,-0.1073,0.893,11203.25,0.4178,1
syn_00596,65757.11,6991.67,0.1063,55269.6,12,28,28.0,15.3,429,0.9359,0.034,4.86,0.608,0.316,-0.007,0.993,37222.4,0.0828,0
syn_00597,30765.51,12713.4,0.4132,12306.2,12,19,21.7,10.2,222,0.8386,0.0713,4.53,0.307,0.278,0.0221,1.022,13641.83,0.2216,1
syn_00598,28659.54,11188.04,0.3904,11877.48,8,8,20.8,10.6,220,0.8888,0.1313,4.58,0.497,0.392,-0.1417,0.858,15217.18,0.3349,1
syn_00599,55766.88,12203.7,0.2188,37461.33,12,26,23.4,18.2,425,0.9848,0.0173,4.97,0.372,0.392,0.1395,1.139,31067.1,0.1966,0
syn_00600,61484.06,11751.88,0.1911,43856.24,12,23,25.3,17.8,450,0.9897,0.03,4.89,0.517,0.392,0.023,1.023,28336.27,0.1063,0
syn_00601,64068.21,5304.95,0.0828,56110.78,12,24,23.8,17.7,419,0.921,0.0232,4.87,0.38,0.233,0.0646,1.065,30171.7,0.1769,0
syn_00602,43793.47,16105.53,0.3678,19635.17,12,16,20.4,14.9,303,0.8734,0.0702,4.71,0.538,0.315,-0.0921,0.908,17893.07,0.1978,1
syn_00603,68363.93,12659.51,0.1852,49374.66,12,28,26.7,14.8,395,0.9546,0.0496,4.86,0.698,0.23,0.0573,1.057,31977.02,0.1454,0
syn_00604,55838.51,10171.43,0.1822,40581.37,12,44,27.7,20.7,573,0.9894,0.0247,4.91,0.536,0.326,-0.0269,0.973,24033.21,0.1193,0
syn_00605,29114.71,9747.38,0.3348,14493.64,12,23,22.0,11.9,262,0.8279,0.1104,4.58,0.37,0.272,-0.1144,0.886,14431.58,0.3124,1
syn_00606,54715.67,8966.47,0.1639,41265.96,12,25,22.6,13.5,305,0.9461,0.046,4.88,0.322,0.368,0.0346,1.035,28830.22,0.1479,0
syn_00607,17392.53,8256.17,0.4747,6957.01,11,11,14.7,5.5,81,0.788,0.291,4.41,0.523,0.429,-0.3199,0.68,8070.77,0.4651,1
syn_00608,48007.71,4973.22,0.1036,40547.88,12,43,22.2,16.0,354,0.9836,0.0148,4.89,0.312,0.308,0.0403,1.04,27628.25,0.2384,0
syn_00609,67358.11,11179.61,0.166,50588.7,12,44,25.7,13.8,355,0.9512,0.06,4.94,0.571,0.419,0.1287,1.129,39026.72,0.1545,0
syn_00610,29077.97,6467.99,0.2224,19375.99,12,23,20.6,10.7,221,0.8454,0.0898,4.57,0.455,0.263,-0.0324,0.968,14466.7,0.2284,1
syn_00611,71737.81,13338.83,0.1859,51729.56,12,28,26.7,15.1,402,0.9612,0.0385,4.86,0.354,0.217,0.06,1.06,34929.76,0.1035,0
syn_00612,15785.68,8237.61,0.5218,6314.27,12,13,10.5,7.9,82,0.7911,0.3396,4.37,0.648,0.34,-0.2438,0.756,8486.37,0.4762,1
syn_00613,49069.38,9530.0,0.1942,34774.37,12,26,25.2,15.9,400,0.953,0.0509,4.78,0.433,0.244,0.1215,1.122,20150.75,0.2258,0
syn_00614,45314.02,10260.09,0.2264,29923.89,12,15,20.5,13.6,278,0.8959,0.1397,4.68,0.303,0.26,0.0634,1.063,22627.92,0.1323,1
syn_00615,53665.39,4507.51,0.084,46904.13,12,25,28.4,13.1,370,0.9715,0.0176,4.96,0.417,0.341,0.1286,1.129,24984.09,0.1656,0
syn_00616,52504.65,5853.51,0.1115,43724.39,12,45,25.9,19.9,514,0.9634,0.0216,4.75,0.662,0.302,0.1014,1.101,22997.95,0.226,0
syn_00617,62323.96,11749.73,0.1885,44699.37,12,32,25.7,15.9,407,0.9381,0.0119,4.88,0.658,0.434,-0.004,0.996,29244.52,0.0695,0
syn_00618,34074.42,14195.03,0.4166,13629.77,12,18,17.9,10.2,183,0.8642,0.0651,4.74,0.313,0.353,-0.0147,0.985,15975.48,0.2155,1
syn_00619,43145.91,11450.94,0.2654,25969.51,12,14,17.5,10.0,174,0.8572,0.1362,4.71,0.547,0.445,-0.062,0.938,19667.49,0.1746,0
syn_00620,55123.32,6425.62,0.1166,45484.89,12,39,25.6,15.9,406,0.9317,0.0231,4.76,0.341,0.353,0.0909,1.091,32034.99,0.1348,0
syn_00621,48656.35,5591.23,0.1149,40269.51,12,40,28.2,19.5,549,0.9251,0.0511,4.86,0.306,0.23,0.1194,1.119,22558.71,0.1728,0
syn_00622,39068.59,8844.01,0.2264,25802.58,12,17,19.3,14.5,280,0.8598,0.1162,4.69,0.655,0.26,0.0303,1.03,16737.36,0.1821,1
syn_00623,73458.62,10165.77,0.1384,58209.96,12,19,23.6,15.1,356,0.9831,0.0517,4.88,0.483,0.33,0.0732,1.073,38320.91,0.099,0
syn_00624,55757.4,5899.49,0.1058,46908.17,12,33,22.5,19.9,446,0.9499,0.0413,4.92,0.556,0.324,0.0859,1.086,29128.8,0.1297,0
syn_00625,31411.21,7766.32,0.2472,19761.73,12,21,20.4,10.8,220,0.8219,0.14,4.56,0.369,0.276,0.0637,1.064,14055.55,0.2644,1
syn_00626,54565.85,10389.19,0.1904,38982.07,12,22,23.2,13.3,307,0.9641,0.0588,4.83,0.549,0.279,-0.0263,0.974,22848.31,0.1491,0
syn_00627,69726.25,12656.25,0.1815,50741.88,12,20,28.8,15.3,441,0.9213,0.0373,4.91,0.49,0.4,0.1081,1.108,38185.54,0.068,0
syn_00628,34653.46,13386.05,0.3863,14574.38,12,20,17.9,12.3,220,0.8414,0.1028,4.58,0.694,0.205,-0.0887,0.911,19682.65,0.2829,1
syn_00629,28809.76,8659.58,0.3006,15820.39,12,12,22.5,9.1,204,0.8788,0.1051,4.72,0.317,0.318,-0.1307,0.869,13367.09,0.2808,1
syn_00630,62442.78,8354.04,0.1338,49911.71,12,27,25.0,21.8,545,0.9262,0.0561,4.86,0.464,0.294,0.0747,1.075,32964.0,0.1677,0
syn_00631,16417.0,6806.48,0.4146,6566.8,12,12,12.4,5.6,69,0.7552,0.1702,4.32,0.444,0.211,-0.3478,0.652,7626.71,0.3705,1
syn_00632,44412.55,10907.28,0.2456,28051.63,12,22,23.0,10.6,242,0.8924,0.1417,4.56,0.681,0.213,0.0589,1.059,17974.53,0.1319,1
syn_00633,37557.54,9941.44,0.2647,22645.38,12,16,20.9,10.1,212,0.8753,0.0828,4.74,0.649,0.378,-0.1434,0.857,20714.41,0.1384,1
syn_00634,41879.84,10607.45,0.2533,25968.67,9,9,21.5,10.5,225,0.8617,0.0915,4.71,0.662,0.309,-0.1209,0.879,23938.0,0.1765,1
syn_00635,64671.72,9588.47,0.1483,50289.01,12,45,26.0,19.2,500,0.9275,0.0511,4.85,0.655,0.439,-0.0355,0.964,33927.43,0.1558,0
syn_00636,19943.14,12802.17,0.6419,7977.25,3,3,11.9,8.6,102,0.7531,0.2167,4.48,0.371,0.328,-0.199,0.801,7987.17,0.3422,1
syn_00637,43771.64,15828.03,0.3616,20029.59,12,20,17.8,14.2,251,0.9093,0.0775,4.53,0.518,0.213,0.0744,1.074,18443.3,0.2104,0
syn_00638,40954.18,13126.96,0.3205,21263.74,12,16,19.4,10.0,195,0.8479,0.0743,4.55,0.544,0.238,0.0738,1.074,22366.96,0.1201,0
syn_00639,32746.35,9094.75,0.2777,19104.23,12,20,22.6,14.0,314,0.8898,0.0674,4.6,0.636,0.281,-0.0214,0.979,16712.26,0.1565,0
syn_00640,44754.58,11213.26,0.2506,27934.69,9,9,16.6,12.9,213,0.8672,0.1417,4.59,0.577,0.39,-0.084,0.916,22771.61,0.1565,1
syn_00641,18466.53,11248.89,0.6091,7386.61,12,13,12.2,9.1,110,0.7309,0.3487,4.41,0.448,0.205,-0.0643,0.936,7745.23,0.4698,1
syn_00642,64808.01,14022.15,0.2164,43774.8,12,33,28.4,14.5,410,0.9458,0.0312,4.83,0.622,0.233,0.1097,1.11,31469.48,0.1191,0
syn_00643,33892.98,7795.51,0.23,22199.71,12,14,19.4,11.1,216,0.8452,0.1225,4.69,0.304,0.259,-0.0937,0.906,14582.44,0.1268,1
syn_00644,53329.46,8213.17,0.154,41009.7,12,36,26.1,15.7,409,0.9225,0.0119,4.76,0.481,0.328,0.0978,1.098,23504.42,0.1099,0
syn_00645,30431.75,10079.34,0.3312,15312.73,12,12,18.3,11.7,213,0.8847,0.1045,4.66,0.473,0.303,-0.0248,0.975,13962.47,0.2773,1
syn_00646,29420.14,11721.64,0.3984,11837.67,12,17,16.2,13.5,218,0.8959,0.1458,4.51,0.525,0.32,-0.0127,0.987,15706.63,0.2232,1
syn_00647,71614.5,13421.92,0.1874,51481.63,12,36,28.3,16.7,472,0.9867,0.0533,4.82,0.504,0.226,-0.0181,0.982,37212.34,0.0966,0
syn_00648,27626.87,11540.16,0.4177,11050.75,6,6,16.7,5.5,92,0.6893,0.1498,4.4,0.552,0.411,-0.0949,0.905,11445.69,0.2414,1
syn_00649,76990.46,15870.42,0.2061,53184.83,12,28,28.8,21.1,608,0.9289,0.0512,4.84,0.658,0.401,0.1482,1.148,37666.26,0.0942,0
syn_00650,68027.09,9338.77,0.1373,54018.94,12,41,23.8,20.7,493,0.969,0.0374,4.89,0.565,0.428,-0.0318,0.968,38180.88,0.1068,0
syn_00651,68759.9,13887.18,0.202,47929.14,12,24,27.2,20.8,567,0.9576,0.0476,4.78,0.416,0.354,0.0197,1.02,34224.61,0.0946,0
syn_00652,23496.84,15230.91,0.6482,9398.74,12,13,13.2,6.2,82,0.7392,0.2566,4.41,0.478,0.389,-0.284,0.716,12387.4,0.2699,0
syn_00653,39437.39,15730.02,0.3989,15842.36,12,12,19.3,14.7,283,0.8414,0.0667,4.72,0.674,0.308,0.045,1.045,18303.73,0.2524,1
syn_00654,66074.19,9638.29,0.1459,51616.75,12,31,22.3,20.9,467,0.9511,0.0394,4.78,0.664,0.254,-0.0493,0.951,30333.52,0.0788,0
syn_00655,48447.41,9110.67,0.1881,34781.41,12,23,28.1,18.5,521,0.9332,0.0243,4.86,0.328,0.4,0.1409,1.141,21979.18,0.1079,0
syn_00656,50187.15,10725.69,0.2137,34098.62,12,39,23.4,20.9,489,0.9767,0.0584,4.86,0.366,0.446,0.0955,1.095,28261.71,0.1263,0
syn_00657,68046.84,10569.79,0.1553,52192.15,12,35,26.6,14.0,374,0.9589,0.0244,4.97,0.397,0.37,0.1024,1.102,40316.99,0.1727,1
syn_00658,76410.18,13534.24,0.1771,56108.82,12,33,24.8,16.4,404,0.9519,0.0189,4.9,0.446,0.252,0.0228,1.023,34284.44,0.1397,0
syn_00659,32495.0,8417.34,0.259,19868.99,12,15,17.2,13.7,234,0.8429,0.1074,4.61,0.542,0.339,-0.0167,0.983,13857.51,0.2851,1
syn_00660,40930.7,10499.97,0.2565,25180.75,10,10,21.3,11.0,234,0.891,0.0643,4.6,0.535,0.288,0.0122,1.012,18048.09,0.131,0
syn_00661,63118.79,11220.24,0.1778,46288.43,12,35,25.0,14.8,371,0.935,0.0103,4.82,0.583,0.381,0.0998,1.1,35315.37,0.1608,0
syn_00662,48282.07,8703.22,0.1803,35227.24,12,24,24.4,20.1,490,0.9437,0.051,4.78,0.605,0.224,-0.0153,0.985,25024.72,0.1257,0
syn_00663,50137.51,10625.55,0.2119,34199.19,12,43,28.9,13.8,398,0.9404,0.0286,4.93,0.58,0.25,0.0692,1.069,22486.57,0.1755,0
syn_00664,49766.96,10632.67,0.2136,33817.95,12,32,22.9,19.3,441,0.9554,0.0113,4.96,0.445,0.264,0.1204,1.12,27581.43,0.1551,0
syn_00665,66398.51,13584.49,0.2046,46021.77,12,46,26.6,17.3,458,0.9798,0.0336,4.95,0.321,0.325,0.0083,1.008,28480.79,0.0626,0
syn_00666,73394.92,8754.74,0.1193,60262.81,12,36,25.9,19.4,501,0.9294,0.0507,4.89,0.334,0.442,0.1399,1.14,42449.48,0.0825,0
syn_00667,64803.28,8528.56,0.1316,52010.44,12,40,22.5,18.6,417,0.961,0.024,4.96,0.54,0.328,0.0108,1.011,31834.45,0.1088,0
syn_00668,33690.81,12932.09,0.3838,14292.68,8,8,16.6,14.1,234,0.8292,0.1351,4.59,0.351,0.278,-0.0092,0.991,19768.63,0.146,1
syn_00669,73275.78,12594.17,0.1719,54384.52,12,35,26.3,16.7,438,0.9532,0.0307,4.94,0.331,0.227,-0.004,0.996,34420.27,0.0416,0
syn_00670,56797.07,10243.45,0.1804,41431.9,12,36,26.2,15.9,416,0.9218,0.0475,4.8,0.645,0.293,0.1169,1.117,27522.98,0.1194,0
syn_00671,61858.57,6611.81,0.1069,51940.86,12,41,28.3,14.8,418,0.9218,0.011,4.89,0.672,0.256,0.0823,1.082,33156.06,0.0938,0
syn_00672,25030.1,11300.89,0.4515,10012.04,4,4,9.6,10.2,98,0.796,0.2247,4.4,0.494,0.288,-0.1829,0.817,13440.89,0.3502,1
syn_00673,16943.61,9566.55,0.5646,6777.44,4,4,14.3,6.2,87,0.7164,0.3388,4.2,0.528,0.373,-0.1495,0.851,8647.58,0.484,1
syn_00674,35137.77,9837.77,0.28,20381.11,12,22,17.5,9.2,161,0.8243,0.1383,4.67,0.648,0.29,0.0019,1.002,15114.73,0.2188,1
syn_00675,18343.3,10281.55,0.5605,7337.32,10,10,13.3,5.8,77,0.7505,0.2061,4.12,0.57,0.44,-0.0654,0.935,7788.86,0.4202,1
syn_00676,77570.49,13486.26,0.1739,57341.09,12,44,28.5,16.6,472,0.9867,0.0451,4.76,0.36,0.317,0.1314,1.131,39400.74,0.0949,0
syn_00677,33458.34,7377.26,0.2205,22392.45,8,8,18.9,13.4,252,0.8999,0.1451,4.65,0.585,0.292,-0.0914,0.909,14886.85,0.2853,1
syn_00678,35728.31,10763.68,0.3013,19582.8,8,8,17.2,9.1,156,0.8333,0.1189,4.7,0.367,0.379,0.0773,1.077,17154.03,0.1701,0
syn_00679,45224.99,17304.03,0.3826,19268.94,9,9,16.2,9.5,154,0.8249,0.0901,4.63,0.512,0.302,-0.0276,0.972,18889.6,0.124,1
syn_00680,74213.26,16286.87,0.2195,49782.96,12,21,24.3,16.4,399,0.9633,0.0459,4.84,0.681,0.399,0.131,1.131,37842.97,0.1083,0
syn_00681,63057.43,7821.17,0.124,51325.68,12,27,26.9,20.4,549,0.9712,0.0595,4.81,0.513,0.273,0.125,1.125,33266.85,0.157,0
syn_00682,32189.72,7277.44,0.2261,21273.57,12,18,19.0,12.4,236,0.9077,0.1435,4.63,0.448,0.359,0.0234,1.023,14510.6,0.2061,1
syn_00683,74737.14,10155.27,0.1359,59504.23,12,39,25.1,20.7,519,0.9743,0.0244,4.82,0.694,0.392,0.0858,1.086,42417.37,0.108,0
syn_00684,25029.3,9673.07,0.3865,10519.71,5,5,14.4,7.8,112,0.7089,0.3211,4.46,0.633,0.277,-0.3433,0.657,13176.27,0.3015,1
syn_00685,23615.39,14052.9,0.5951,9446.16,4,4,11.0,6.9,76,0.7919,0.3,4.24,0.587,0.436,-0.1898,0.81,13183.31,0.2036,1
syn_00686,39090.25,13292.39,0.34,19151.66,12,23,22.8,12.9,293,0.8231,0.1251,4.73,0.336,0.367,0.033,1.033,18205.87,0.1919,0
syn_00687,67443.95,6844.48,0.1015,57177.24,12,37,23.4,18.6,435,0.929,0.0233,4.94,0.602,0.425,0.0154,1.015,27771.53,0.1096,0
syn_00688,17968.3,6970.6,0.3879,7512.39,11,11,12.1,5.8,70,0.7708,0.2788,4.12,0.472,0.31,-0.099,0.901,9227.7,0.3197,1
syn_00689,72475.13,15083.86,0.2081,49849.34,12,30,24.9,16.8,418,0.9692,0.0571,4.81,0.504,0.332,0.038,1.038,34647.56,0.1402,0
syn_00690,18632.75,8457.58,0.4539,7453.1,8,8,16.0,6.0,96,0.7224,0.1793,4.42,0.522,0.379,-0.2077,0.792,9833.99,0.3357,1
syn_00691,19270.62,13196.22,0.6848,7708.25,12,12,9.2,7.3,66,0.8023,0.1977,4.21,0.382,0.433,-0.2592,0.741,9872.98,0.3924,1
syn_00692,50878.95,8083.33,0.1589,38753.96,12,22,22.8,14.2,324,0.941,0.0241,4.89,0.686,0.202,0.1133,1.113,27856.38,0.1936,0
syn_00693,27314.7,13371.59,0.4895,10925.88,5,5,12.5,9.2,115,0.7499,0.2068,4.33,0.386,0.308,-0.1308,0.869,16327.64,0.1725,1
syn_00694,51713.71,4304.39,0.0832,45257.13,12,34,22.4,21.6,482,0.93,0.0454,4.77,0.678,0.395,-0.0284,0.972,26220.19,0.1466,0
syn_00695,35123.57,14380.2,0.4094,14049.43,12,15,20.2,12.5,252,0.8432,0.0642,4.74,0.592,0.241,-0.0778,0.922,20268.83,0.1895,1
syn_00696,31564.66,12368.18,0.3918,13012.38,12,13,18.8,11.4,214,0.837,0.0945,4.72,0.371,0.416,-0.0665,0.934,12964.81,0.3076,1
syn_00697,56763.9,9290.44,0.1637,42828.24,12,18,27.6,14.2,391,0.9277,0.0561,4.92,0.592,0.305,0.068,1.068,29189.65,0.1748,0
syn_00698,26982.46,18308.89,0.6785,10792.98,6,6,10.9,9.8,107,0.7236,0.3327,4.29,0.47,0.389,-0.1267,0.873,14960.15,0.2533,1
syn_00699,33646.53,10641.96,0.3163,17683.58,12,19,16.3,13.9,226,0.919,0.0966,4.5,0.575,0.281,-0.1109,0.889,16069.05,0.2352,1
syn_00700,62482.06,12706.83,0.2034,43421.82,12,22,24.9,20.6,512,0.9613,0.0196,4.88,0.329,0.225,0.0512,1.051,35994.29,0.1054,0
syn_00701,77617.42,10291.98,0.1326,62179.45,12,27,27.3,17.8,485,0.9693,0.023,4.97,0.49,0.248,0.056,1.056,40903.67,0.135,1
syn_00702,37288.06,14299.96,0.3835,15838.12,12,23,19.6,12.0,234,0.913,0.1401,4.7,0.494,0.408,-0.0819,0.918,20703.1,0.195,1
syn_00703,15230.16,9987.44,0.6558,6092.06,7,7,10.4,8.7,90,0.6542,0.2239,4.51,0.435,0.368,-0.3198,0.68,8202.51,0.4346,1
syn_00704,69963.91,7677.27,0.1097,58448.0,12,22,28.0,13.5,378,0.9351,0.0599,4.85,0.426,0.407,0.0906,1.091,33444.59,0.0664,0
syn_00705,39152.85,13129.99,0.3354,19457.86,12,14,17.2,11.4,195,0.8543,0.0961,4.69,0.519,0.213,-0.039,0.961,21192.06,0.2463,1
syn_00706,79978.72,9850.96,0.1232,65202.29,12,26,28.2,19.1,538,0.9439,0.0372,4.94,0.317,0.35,0.1267,1.127,42555.51,0.0556,0
syn_00707,24620.47,14301.15,0.5809,9848.19,7,7,12.0,5.8,70,0.7706,0.3195,4.39,0.635,0.339,-0.3446,0.655,14430.15,0.2267,1
syn_00708,29673.62,11876.71,0.4002,11869.45,12,23,16.9,11.4,191,0.9051,0.1416,4.63,0.624,0.32,-0.0134,0.987,12861.98,0.278,1
syn_00709,64294.77,13650.23,0.2123,43819.42,12,30,25.8,21.6,557,0.9326,0.0462,4.94,0.639,0.304,0.0858,1.086,31313.96,0.1316,0
syn_00710,61824.79,11942.76,0.1932,43910.65,12,44,23.8,13.0,310,0.9547,0.015,4.92,0.613,0.238,0.0052,1.005,36018.71,0.1131,0
syn_00711,41596.74,15898.45,0.3822,17749.06,12,22,16.8,10.5,176,0.9095,0.1244,4.66,0.66,0.284,0.0027,1.003,24587.36,0.1559,1
syn_00712,73503.6,11179.69,0.1521,56734.07,12,44,22.9,14.9,342,0.9659,0.0293,4.94,0.441,0.242,0.14,1.14,38551.97,0.1395,0
syn_00713,76913.9,8726.51,0.1135,63824.14,12,29,23.4,21.7,509,0.9218,0.0493,4.82,0.32,0.229,-0.0425,0.957,44000.25,0.1464,0
syn_00714,63538.12,8133.19,0.128,51338.33,12,40,24.9,21.4,532,0.9838,0.0458,4.95,0.493,0.3,0.0139,1.014,30324.05,0.1012,0
syn_00715,20654.74,12655.85,0.6127,8261.9,12,12,11.2,5.6,62,0.7099,0.2246,4.11,0.7,0.293,-0.1056,0.894,9995.17,0.3048,0
syn_00716,79955.57,13444.51,0.1681,59788.8,12,43,27.6,20.0,552,0.9449,0.0387,4.94,0.393,0.426,0.0876,1.088,42589.04,0.0399,0
syn_00717,57906.22,9633.5,0.1664,43455.97,12,24,25.7,15.0,385,0.9315,0.0218,4.87,0.561,0.27,0.0042,1.004,29371.6,0.1991,0
syn_00718,46560.17,12674.86,0.2722,27547.88,12,20,18.3,11.8,216,0.9127,0.1411,4.52,0.359,0.359,-0.1197,0.88,26943.26,0.1498,1
syn_00719,19878.13,11364.01,0.5717,7951.25,12,13,15.9,5.7,90,0.7672,0.2259,4.19,0.646,0.323,-0.2292,0.771,9162.2,0.2455,1
syn_00720,36209.86,9360.47,0.2585,22169.16,12,17,21.2,9.8,207,0.8304,0.1239,4.55,0.549,0.361,-0.0794,0.921,18471.73,0.1892,1
syn_00721,34446.67,10595.78,0.3076,18553.0,12,12,18.2,14.9,270,0.9014,0.0748,4.5,0.386,0.3,-0.1402,0.86,19880.61,0.1586,1
syn_00722,74851.89,15521.33,0.2074,51569.9,12,42,25.6,19.2,492,0.9278,0.0383,4.81,0.304,0.206,0.0363,1.036,41063.96,0.1163,0
syn_00723,55663.64,6177.05,0.111,46398.06,12,21,28.9,15.8,455,0.9289,0.0373,4.95,0.648,0.418,0.0856,1.086,27145.86,0.1018,0
syn_00724,40831.41,15664.66,0.3836,17334.42,12,14,16.0,15.0,239,0.8383,0.1023,4.72,0.371,0.291,-0.0982,0.902,23416.14,0.168,1
syn_00725,79834.02,7669.66,0.0961,68329.53,12,47,27.1,13.5,364,0.9221,0.0153,4.97,0.389,0.389,0.1382,1.138,45319.02,0.0594,0
syn_00726,69015.13,9737.29,0.1411,54409.2,12,45,27.5,20.4,560,0.9403,0.027,4.97,0.609,0.43,-0.0171,0.983,35141.74,0.049,0
syn_00727,66838.05,12630.75,0.189,47891.93,12,21,22.7,14.6,329,0.9209,0.0397,4.95,0.603,0.341,0.0841,1.084,39260.22,0.1771,0
syn_00728,59417.48,11343.41,0.1909,42402.36,12,33,27.3,21.2,578,0.921,0.0505,4.97,0.551,0.357,0.1079,1.108,34684.61,0.0702,0
syn_00729,19314.78,11199.02,0.5798,7725.91,7,7,15.6,10.6,165,0.7865,0.2296,4.37,0.419,0.34,-0.0931,0.907,10751.82,0.36,1
syn_00730,49780.44,4846.2,0.0974,42511.14,12,38,25.5,16.0,408,0.9407,0.0134,4.96,0.572,0.304,0.0884,1.088,29220.66,0.0823,0
syn_00731,43599.24,13758.85,0.3156,22960.97,12,20,19.0,9.1,172,0.9127,0.1143,4.55,0.392,0.225,0.0615,1.062,17534.01,0.2177,0
syn_00732,26321.59,10036.97,0.3813,11266.14,6,6,9.2,7.8,71,0.6906,0.2849,4.34,0.617,0.304,-0.3268,0.673,13750.14,0.2019,1
syn_00733,50906.82,4991.48,0.0981,43419.61,12,32,23.7,20.7,490,0.9847,0.0513,4.83,0.639,0.37,0.0045,1.004,23194.64,0.156,0
syn_00734,26879.59,18538.85,0.6897,10751.84,8,8,15.8,6.9,108,0.6834,0.2551,4.29,0.338,0.28,-0.0867,0.913,14742.17,0.186,1
syn_00735,53060.24,10637.76,0.2005,37103.6,12,36,25.1,21.3,534,0.9528,0.0238,4.78,0.37,0.394,-0.0493,0.951,30698.99,0.1468,0
syn_00736,17022.67,11698.05,0.6872,6809.07,4,4,9.3,10.9,101,0.6508,0.3235,4.23,0.397,0.393,-0.0684,0.932,7986.0,0.3574,1
syn_00737,61720.05,12453.48,0.2018,43039.82,12,45,25.1,21.8,548,0.9872,0.0265,4.95,0.69,0.31,0.1195,1.12,29325.78,0.0793,0
syn_00738,66085.54,9430.72,0.1427,51939.46,12,40,24.2,17.5,423,0.9437,0.0479,4.88,0.523,0.252,0.1254,1.125,36502.19,0.1194,0
syn_00739,44888.11,13944.94,0.3107,23970.7,12,13,21.1,9.6,201,0.8596,0.1485,4.7,0.504,0.403,-0.1132,0.887,23971.91,0.1262,1
syn_00740,66062.14,14092.52,0.2133,44923.36,12,21,27.6,18.2,501,0.9653,0.0565,4.85,0.486,0.304,0.0163,1.016,28229.1,0.1785,0
syn_00741,60938.0,12342.75,0.2025,42423.87,12,46,23.3,17.9,418,0.9217,0.0482,4.88,0.526,0.353,0.0751,1.075,33990.75,0.0569,0
syn_00742,55824.24,5537.11,0.0992,47518.57,12,26,27.9,18.5,518,0.9331,0.0189,4.95,0.692,0.399,0.0985,1.099,28951.97,0.16,0
syn_00743,72285.82,8789.33,0.1216,59101.83,12,43,25.0,14.7,366,0.9278,0.0461,4.81,0.604,0.287,0.114,1.114,42263.79,0.1655,0
syn_00744,79166.1,9963.58,0.1259,64220.73,12,35,28.5,15.4,439,0.9892,0.0435,4.86,0.346,0.287,0.0727,1.073,43158.6,0.0689,0
syn_00745,30051.69,11733.6,0.3904,12451.29,12,17,20.2,14.8,298,0.887,0.0758,4.62,0.495,0.235,-0.0008,0.999,17941.4,0.1387,1
syn_00746,33889.28,7548.23,0.2227,22566.94,12,17,16.5,11.4,187,0.8354,0.0939,4.66,0.644,0.388,-0.0241,0.976,18003.19,0.159,1
syn_00747,35301.03,13975.09,0.3959,14338.39,12,13,16.3,14.9,242,0.8864,0.1213,4.51,0.465,0.218,-0.0107,0.989,20433.79,0.1957,1
syn_00748,40280.87,12972.56,0.3221,20822.04,12,19,19.0,12.6,239,0.8433,0.1447,4.65,0.417,0.37,-0.0784,0.922,17677.79,0.1663,1
syn_00749,52174.51,9744.95,0.1868,37557.09,12,41,22.5,13.1,294,0.9829,0.0391,4.83,0.573,0.225,-0.0035,0.997,25993.32,0.1639,0
syn_00750,50347.54,5408.21,0.1074,42235.23,12,20,25.4,20.1,509,0.954,0.0268,4.77,0.345,0.253,0.0601,1.06,24016.44,0.1081,0
syn_00751,72697.91,14957.75,0.2058,50261.29,12,47,24.3,21.9,533,0.9272,0.0126,4.95,0.514,0.399,0.1355,1.135,41969.56,0.0525,0
syn_00752,39222.2,12813.96,0.3267,20001.26,12,13,21.8,14.9,324,0.8611,0.1287,4.52,0.544,0.23,0.0287,1.029,23224.33,0.1588,1
syn_00753,27090.09,16424.29,0.6063,10836.03,3,3,11.6,7.3,85,0.7759,0.2663,4.38,0.606,0.391,-0.2333,0.767,10890.93,0.2561,1
syn_00754,48365.85,6763.63,0.1398,38220.4,12,20,24.9,21.9,544,0.9529,0.0228,4.95,0.678,0.347,0.0482,1.048,28094.09,0.1735,0
syn_00755,77133.15,9129.38,0.1184,63439.09,12,36,25.5,21.6,552,0.9321,0.046,4.89,0.375,0.202,0.0859,1.086,41437.79,0.0799,0
syn_00756,27601.54,11727.99,0.4249,11040.62,7,7,13.7,6.2,85,0.7843,0.3046,4.15,0.653,0.439,-0.0764,0.924,13177.1,0.1983,0
syn_00757,54027.1,8107.81,0.1501,41865.39,12,21,27.6,14.4,395,0.9662,0.0262,4.83,0.378,0.364,0.0824,1.082,23641.9,0.1333,0
syn_00758,19253.49,10625.59,0.5519,7701.4,5,5,10.7,9.9,105,0.7815,0.1705,4.29,0.543,0.238,-0.1176,0.882,9114.19,0.3213,1
syn_00759,33631.08,13054.84,0.3882,14048.82,12,13,16.4,11.4,186,0.857,0.0856,4.73,0.53,0.325,0.0227,1.023,15371.5,0.1303,1
syn_00760,54580.14,10140.96,0.1858,39368.71,12,31,25.2,21.6,544,0.9383,0.0441,4.97,0.54,0.239,0.0827,1.083,23715.28,0.1986,0
syn_00761,71799.58,11051.98,0.1539,55221.61,12,24,24.9,15.4,383,0.9899,0.0136,4.76,0.689,0.236,-0.0065,0.993,29017.97,0.1635,0
syn_00762,66340.09,12560.6,0.1893,47499.2,12,21,24.6,21.8,535,0.9504,0.0175,4.86,0.407,0.361,0.0858,1.086,33717.11,0.1581,0
syn_00763,26524.9,14852.1,0.5599,10609.96,3,3,11.0,10.7,118,0.7322,0.2097,4.18,0.302,0.327,-0.2767,0.723,12655.51,0.3266,1
syn_00764,19009.13,12557.33,0.6606,7603.65,10,10,15.3,5.1,77,0.7889,0.2031,4.16,0.369,0.391,-0.2821,0.718,9790.2,0.36,1
syn_00765,18847.18,8638.4,0.4583,7538.87,11,11,10.7,5.8,62,0.7437,0.2671,4.4,0.45,0.268,-0.1459,0.854,10063.22,0.3163,1
syn_00766,75299.56,8340.56,0.1108,62788.73,12,42,22.5,19.6,441,0.9348,0.0297,4.76,0.434,0.234,-0.0047,0.995,33065.6,0.1346,0
syn_00767,68979.01,10753.38,0.1559,52848.94,12,47,27.4,20.6,562,0.9765,0.0108,4.79,0.646,0.28,0.081,1.081,27833.27,0.0925,0
syn_00768,21712.42,13759.38,0.6337,8684.97,4,4,12.5,7.8,97,0.8177,0.2293,4.35,0.306,0.348,-0.3336,0.666,10212.79,0.4012,1
syn_00769,67715.15,7209.12,0.1065,56901.48,12,18,23.3,18.9,440,0.9238,0.0257,4.78,0.47,0.436,0.066,1.066,30862.73,0.1323,0
syn_00770,51228.44,8441.41,0.1648,38566.32,12,25,26.8,18.8,502,0.9803,0.0343,4.78,0.573,0.359,0.0079,1.008,24455.21,0.1749,0
syn_00771,25121.82,11545.64,0.4596,10048.73,9,9,14.4,10.4,150,0.7156,0.3036,4.4,0.517,0.297,-0.3321,0.668,14418.97,0.2949,1
syn_00772,77282.46,14368.6,0.1859,55729.56,12,42,27.8,14.9,414,0.9385,0.0204,4.93,0.455,0.306,0.1396,1.14,32745.09,0.1223,0
syn_00773,70255.22,9932.69,0.1414,55356.19,12,18,25.9,18.0,466,0.9394,0.0338,4.86,0.656,0.268,0.0277,1.028,35813.81,0.1478,0
syn_00774,56918.64,11799.83,0.2073,39218.89,12,25,26.5,13.7,364,0.9295,0.0178,4.89,0.424,0.26,0.0971,1.097,23443.23,0.1886,0
syn_00775,66403.6,12174.89,0.1833,48141.26,12,45,25.4,13.3,337,0.9245,0.0369,4.92,0.571,0.391,-0.0069,0.993,29075.94,0.143,0
syn_00776,20343.53,8808.72,0.433,8137.41,6,6,10.6,9.2,97,0.8059,0.2229,4.18,0.594,0.202,-0.2645,0.736,11023.55,0.333,1
syn_00777,56519.31,9295.21,0.1645,42576.49,12,41,26.7,18.9,504,0.9512,0.0273,4.94,0.601,0.274,0.1017,1.102,32747.07,0.1042,0
syn_00778,32916.54,12039.7,0.3658,14856.99,12,19,21.2,11.4,241,0.841,0.1069,4.73,0.537,0.384,-0.0029,0.997,15255.13,0.153,1
syn_00779,71108.98,11811.93,0.1661,53391.08,12,42,23.1,20.5,473,0.9855,0.0168,4.86,0.431,0.24,0.0018,1.002,32402.52,0.1377,0
syn_00780,65613.77,6370.57,0.0971,56057.92,12,37,22.8,13.7,311,0.9721,0.0456,4.76,0.579,0.432,0.0621,1.062,27508.63,0.0573,0
syn_00781,39394.16,11078.1,0.2812,22777.0,12,21,17.5,11.0,192,0.8828,0.0755,4.56,0.533,0.322,-0.0423,0.958,18998.67,0.137,1
syn_00782,55953.15,5191.51,0.0928,48165.88,12,44,27.3,14.6,397,0.946,0.0114,4.78,0.449,0.419,-0.0154,0.985,26223.49,0.0624,0
syn_00783,52823.58,8815.11,0.1669,39600.92,12,27,24.9,18.5,461,0.9733,0.0373,4.89,0.45,0.317,0.1371,1.137,27899.68,0.1077,0
syn_00784,77581.76,14486.43,0.1867,55852.12,12,23,25.4,19.1,485,0.9828,0.0168,4.81,0.482,0.29,0.0585,1.059,45986.51,0.1314,0
syn_00785,73330.37,15674.95,0.2138,49817.94,12,23,24.9,21.6,537,0.9777,0.0341,4.91,0.63,0.259,0.037,1.037,43146.91,0.1095,0
syn_00786,67093.21,8066.58,0.1202,54993.34,12,32,26.1,15.7,409,0.9239,0.0101,4.77,0.359,0.338,0.1085,1.108,34526.62,0.1737,0
syn_00787,77864.28,8362.45,0.1074,65320.6,12,36,27.4,13.2,361,0.9463,0.0155,4.83,0.46,0.248,-0.0153,0.985,40216.54,0.0817,0
syn_00788,66292.47,9526.33,0.1437,52002.98,12,43,23.0,17.0,392,0.9395,0.0572,4.95,0.651,0.332,-0.0332,0.967,36791.55,0.1154,0
syn_00789,73610.4,12324.77,0.1674,55123.23,12,24,25.3,15.0,378,0.9434,0.058,4.87,0.566,0.378,0.0301,1.03,32697.91,0.1045,0
syn_00790,15979.61,10972.75,0.6867,6391.85,7,7,12.5,8.7,109,0.7633,0.2548,4.19,0.346,0.221,-0.1235,0.877,7820.5,0.5331,1
syn_00791,78517.01,14895.24,0.1897,56174.15,12,27,26.6,17.7,470,0.9317,0.0589,4.84,0.639,0.416,-0.0286,0.971,33385.46,0.0948,1
syn_00792,44262.41,16698.52,0.3773,19214.63,12,17,22.2,12.3,273,0.9168,0.1497,4.53,0.322,0.327,0.0454,1.045,23126.52,0.1581,1
syn_00793,20543.07,13982.31,0.6806,8217.23,5,5,12.4,7.2,88,0.7249,0.2491,4.37,0.587,0.34,-0.1098,0.89,8967.13,0.3291,1
syn_00794,57129.53,6830.84,0.1196,46883.27,12,23,26.7,13.2,351,0.9729,0.0233,4.82,0.478,0.412,0.0556,1.056,24171.83,0.0865,0
syn_00795,36415.2,13158.23,0.3613,16677.86,12,12,22.8,14.4,327,0.8542,0.1498,4.5,0.395,0.326,-0.1436,0.856,20396.43,0.2456,1
syn_00796,19201.47,13332.05,0.6943,7680.59,11,11,14.7,5.4,78,0.656,0.1754,4.41,0.438,0.427,-0.2949,0.705,11162.73,0.3675,1
syn_00797,21033.76,8158.78,0.3879,8795.58,3,3,16.3,8.1,131,0.6627,0.1632,4.26,0.307,0.437,-0.0679,0.932,8970.4,0.3787,0
syn_00798,70053.03,15220.82,0.2173,47221.81,12,18,28.8,14.4,415,0.9327,0.0383,4.9,0.639,0.335,0.0979,1.098,28595.55,0.0661,0
syn_00799,66627.88,13416.34,0.2014,46503.37,12,47,28.7,19.1,547,0.9584,0.0102,4.76,0.34,0.211,-0.0098,0.99,36581.92,0.0702,0
syn_00800,36882.88,12794.23,0.3469,17691.54,12,16,21.8,11.6,252,0.8841,0.1458,4.71,0.693,0.33,-0.052,0.948,20823.55,0.2133,1
syn_00801,27984.98,15821.32,0.5654,11193.99,7,7,9.3,8.5,79,0.6967,0.1468,4.44,0.524,0.429,-0.2673,0.733,15177.84,0.3031,1
syn_00802,45247.61,11593.01,0.2562,27858.1,12,14,19.8,14.7,291,0.8825,0.1335,4.66,0.494,0.375,0.0431,1.043,24678.75,0.2136,1
syn_00803,58973.92,12717.16,0.2156,39898.19,12,18,26.9,16.6,446,0.9335,0.0278,4.79,0.421,0.25,-0.0287,0.971,23617.28,0.1892,0
syn_00804,40699.03,12105.66,0.2974,22540.53,12,19,22.4,14.8,331,0.8374,0.0801,4.63,0.432,0.336,-0.129,0.871,19683.75,0.1626,1
syn_00805,23512.81,9261.39,0.3939,9620.73,5,5,9.5,8.3,79,0.6678,0.1447,4.17,0.465,0.363,-0.1805,0.819,13155.52,0.341,1
syn_00806,15055.66,9987.03,0.6633,6022.27,12,13,9.5,10.7,102,0.6979,0.2202,4.14,0.586,0.39,-0.3163,0.684,6189.89,0.5402,1
syn_00807,48059.93,6204.1,0.1291,38753.78,12,19,23.7,13.6,321,0.9326,0.0162,4.96,0.321,0.299,-0.0219,0.978,23135.03,0.1631,0
syn_00808,70169.87,10841.02,0.1545,53908.34,12,34,25.0,16.5,412,0.9789,0.021,4.92,0.337,0.211,0.1015,1.101,37929.61,0.0965,0
syn_00809,64133.66,12754.85,0.1989,45001.39,12,23,23.6,21.4,506,0.9868,0.0579,4.94,0.503,0.286,0.0228,1.023,31184.11,0.057,0
syn_00810,64291.64,10143.46,0.1578,49076.45,12,18,27.8,17.5,487,0.9842,0.0414,4.94,0.376,0.432,-0.0203,0.98,29893.76,0.1664,0
syn_00811,58031.21,10045.83,0.1731,42962.46,12,31,27.9,16.2,452,0.9499,0.0591,4.93,0.408,0.212,0.1294,1.129,32101.98,0.1197,0
syn_00812,48789.24,8515.93,0.1745,36015.34,12,42,28.5,15.1,431,0.9686,0.0588,4.97,0.59,0.369,-0.003,0.997,27826.62,0.08,0
syn_00813,66584.35,9835.53,0.1477,51831.07,12,23,27.1,17.0,459,0.9437,0.0247,4.8,0.587,0.345,0.0031,1.003,35331.56,0.0579,0
syn_00814,24602.48,16897.27,0.6868,9840.99,3,3,15.9,6.0,95,0.7056,0.1762,4.35,0.469,0.414,-0.1363,0.864,12106.85,0.2473,1
syn_00815,40422.51,10795.44,0.2671,24229.34,9,9,19.9,14.7,293,0.9079,0.0964,4.57,0.591,0.287,-0.0961,0.904,23329.86,0.178,0
syn_00816,54830.33,8504.19,0.1551,42074.04,12,33,27.8,18.5,516,0.9644,0.0371,4.96,0.375,0.359,0.1364,1.136,29545.22,0.1389,0
syn_00817,54324.73,7993.8,0.1471,42334.03,12,21,28.2,18.1,510,0.9677,0.027,4.88,0.684,0.246,0.0395,1.039,32045.34,0.1644,0
syn_00818,75616.86,10460.37,0.1383,59926.31,12,33,27.2,20.7,563,0.9417,0.0296,4.83,0.526,0.309,0.1166,1.117,40705.75,0.045,0
syn_00819,61782.93,9282.17,0.1502,47859.68,12,23,28.3,15.3,434,0.9807,0.0422,4.75,0.453,0.289,0.0949,1.095,24745.53,0.0537,0
syn_00820,67876.27,6991.05,0.103,57389.7,12,27,27.9,20.3,567,0.9534,0.0526,4.81,0.66,0.442,-0.0465,0.954,34509.52,0.1263,0
syn_00821,29676.17,7482.64,0.2521,18452.21,12,20,21.1,11.6,244,0.8646,0.0878,4.65,0.656,0.214,-0.1074,0.893,16774.16,0.2615,1
syn_00822,63394.15,5478.48,0.0864,55176.43,12,34,22.1,21.9,482,0.9661,0.0283,4.86,0.374,0.41,0.0033,1.003,29807.37,0.0963,0
syn_00823,49189.61,4904.88,0.0997,41832.3,12,24,28.4,17.1,486,0.9254,0.058,4.95,0.619,0.287,0.1009,1.101,27348.15,0.2318,0
syn_00824,34571.84,8351.91,0.2416,22043.99,12,12,22.5,10.7,242,0.8721,0.0952,4.74,0.451,0.387,-0.0729,0.927,14828.44,0.2508,1
syn_00825,17952.64,11925.2,0.6643,7181.06,11,11,12.1,8.5,102,0.7913,0.1796,4.43,0.345,0.448,-0.1712,0.829,10154.12,0.4995,1
syn_00826,53841.01,7029.12,0.1306,43297.33,12,47,27.3,18.9,515,0.9607,0.0365,4.94,0.4,0.283,-0.003,0.997,30630.66,0.1297,0
syn_00827,50942.01,8967.33,0.176,37491.02,12,18,25.0,20.8,519,0.9686,0.0104,4.89,0.475,0.414,-0.0313,0.969,20463.33,0.1969,0
syn_00828,62253.88,11187.95,0.1797,45471.96,12,25,24.6,21.3,525,0.9266,0.0285,4.91,0.348,0.432,-0.0048,0.995,35307.7,0.1431,0
syn_00829,34653.09,11731.17,0.3385,17056.33,12,20,19.5,14.7,285,0.8948,0.1257,4.51,0.397,0.232,-0.0236,0.976,14361.33,0.1963,1
syn_00830,26197.72,16922.76,0.646,10479.09,9,9,11.3,8.3,93,0.6641,0.3322,4.27,0.45,0.4,-0.2319,0.768,13304.96,0.2296,1
syn_00831,37380.29,14756.39,0.3948,15245.7,12,12,16.4,14.3,234,0.8419,0.1211,4.65,0.387,0.401,-0.0228,0.977,21668.81,0.2449,1
syn_00832,72287.57,6702.93,0.0927,62233.18,12,23,25.6,13.6,347,0.9449,0.0401,4.88,0.681,0.413,0.0309,1.031,40094.02,0.0949,0
syn_00833,77872.78,11972.55,0.1537,59913.96,12,18,25.8,20.0,515,0.942,0.0341,4.97,0.309,0.436,0.0844,1.084,44648.72,0.0563,0
syn_00834,55588.21,6276.13,0.1129,46174.01,12,18,25.0,21.3,531,0.9815,0.0328,4.84,0.375,0.25,0.061,1.061,32772.75,0.0934,0
syn_00835,48589.89,4893.67,0.1007,41249.4,12,32,24.6,19.2,472,0.936,0.0312,4.88,0.47,0.204,0.1277,1.128,27856.02,0.1221,0
syn_00836,57542.31,11411.51,0.1983,40425.06,12,32,26.2,17.1,447,0.9486,0.0349,4.76,0.357,0.365,0.1286,1.129,32436.75,0.2083,0
syn_00837,43036.53,13338.65,0.3099,23028.55,12,21,20.3,13.1,266,0.8713,0.1028,4.66,0.573,0.312,-0.0218,0.978,20546.89,0.1827,1
syn_00838,65918.85,10724.45,0.1627,49832.17,12,18,28.8,16.3,468,0.9476,0.0201,4.77,0.488,0.419,0.1046,1.105,31523.65,0.0796,0
syn_00839,76672.5,15381.96,0.2006,53599.56,12,26,23.1,13.2,306,0.9263,0.0243,4.97,0.64,0.411,0.0617,1.062,32375.48,0.0829,0
syn_00840,53739.31,8611.79,0.1603,40821.62,12,41,28.9,15.6,451,0.9756,0.0345,4.76,0.679,0.273,0.1026,1.103,25456.59,0.0841,0
syn_00841,78272.07,14062.87,0.1797,57177.76,12,21,27.2,17.5,475,0.9532,0.0155,4.88,0.349,0.247,-0.0006,0.999,34493.23,0.1507,0
syn_00842,73185.81,9075.34,0.124,59572.8,12,34,22.6,17.2,388,0.9724,0.0211,4.8,0.375,0.253,0.1394,1.139,29413.88,0.1583,0
syn_00843,78608.89,14972.66,0.1905,56149.89,12,27,27.1,14.7,397,0.9837,0.0514,4.79,0.428,0.448,0.1242,1.124,45893.92,0.0693,0
syn_00844,32258.35,7605.11,0.2358,20850.68,12,19,17.9,10.5,188,0.8435,0.0773,4.64,0.305,0.32,-0.0745,0.925,18168.24,0.2766,1
syn_00845,73298.95,10893.37,0.1486,56958.9,12,47,22.6,18.3,414,0.9731,0.0195,4.88,0.579,0.449,0.1128,1.113,32207.67,0.1353,0
syn_00846,56992.89,6652.45,0.1167,47014.22,12,28,23.6,19.4,456,0.9259,0.0471,4.91,0.651,0.413,0.0002,1.0,27027.62,0.0926,0
syn_00847,26812.52,17125.81,0.6387,10725.01,9,9,16.2,5.1,81,0.8142,0.2394,4.44,0.304,0.278,-0.3118,0.688,14631.8,0.2417,1
syn_00848,56136.08,6526.37,0.1163,46346.52,12,35,25.4,18.9,479,0.9285,0.0188,4.81,0.496,0.219,0.1447,1.145,26956.66,0.1171,0
syn_00849,60757.1,6024.87,0.0992,51719.79,12,32,26.8,21.9,588,0.9477,0.0412,4.97,0.364,0.307,0.1163,1.116,27492.71,0.118,0
syn_00850,62599.68,9662.9,0.1544,48105.33,12,38,23.0,14.3,328,0.9608,0.0593,4.77,0.51,0.302,0.0071,1.007,36654.97,0.1729,0
syn_00851,57785.68,11780.91,0.2039,40114.32,12,26,27.1,19.0,515,0.9759,0.0229,4.89,0.327,0.329,0.042,1.042,31097.29,0.1738,0
syn_00852,78433.05,11606.93,0.148,61022.66,12,38,25.3,18.9,477,0.9272,0.0227,4.96,0.606,0.41,0.084,1.084,43849.95,0.0398,0
syn_00853,65694.3,11661.75,0.1775,48201.67,12,45,26.2,14.1,369,0.9874,0.0161,4.81,0.315,0.414,0.1127,1.113,28404.26,0.1304,0
syn_00854,52454.29,8457.24,0.1612,39768.43,12,43,28.2,17.3,487,0.9723,0.0502,4.92,0.399,0.236,0.1351,1.135,29656.34,0.1339,0
syn_00855,28778.67,6538.46,0.2272,18970.99,10,10,21.8,12.5,273,0.8558,0.1405,4.52,0.645,0.238,0.0755,1.075,16211.23,0.2675,1
syn_00856,54748.09,6209.64,0.1134,45433.63,12,20,28.4,13.7,389,0.9499,0.0366,4.96,0.685,0.377,0.1495,1.15,22219.06,0.1786,0
syn_00857,68691.11,8868.06,0.1291,55389.02,12,30,23.9,18.2,435,0.9853,0.0117,4.93,0.518,0.391,0.0945,1.095,28428.35,0.17,0
syn_00858,17538.47,10030.24,0.5719,7015.39,11,11,11.7,5.1,58,0.684,0.1638,4.45,0.304,0.271,-0.2724,0.728,7155.92,0.3377,1
syn_00859,50479.59,8231.02,0.1631,38133.07,12,21,23.3,16.3,379,0.9803,0.0312,4.96,0.667,0.297,0.0496,1.05,22711.89,0.1305,0
syn_00860,47632.21,18396.36,0.3862,20037.67,12,16,22.4,10.5,235,0.8973,0.0839,4.55,0.628,0.269,0.0672,1.067,19382.61,0.0864,1
syn_00861,66736.45,8591.21,0.1287,53849.64,12,24,26.6,13.1,349,0.9245,0.015,4.85,0.464,0.331,0.113,1.113,36774.31,0.1647,0
syn_00862,52889.79,8872.76,0.1678,39580.64,12,18,22.5,14.7,331,0.9436,0.0139,4.79,0.569,0.347,0.1323,1.132,24821.9,0.06,0
syn_00863,63742.09,12439.59,0.1952,45082.71,12,43,24.8,21.9,543,0.9739,0.0583,4.87,0.384,0.336,0.0447,1.045,27022.93,0.1537,0
syn_00864,77803.47,7815.57,0.1005,66080.12,12,28,26.4,18.3,484,0.9285,0.0263,4.88,0.375,0.314,-0.0126,0.987,31554.65,0.1312,0
syn_00865,28397.6,9321.34,0.3282,14415.58,12,12,22.7,11.3,257,0.862,0.1472,4.67,0.594,0.273,0.0154,1.015,11503.25,0.2597,1
syn_00866,57494.6,9129.44,0.1588,43800.44,12,41,23.7,20.4,483,0.9277,0.0515,4.89,0.441,0.216,-0.0126,0.987,31248.33,0.137,0
syn_00867,23612.46,11777.73,0.4988,9444.98,3,3,14.2,7.1,101,0.7645,0.2931,4.39,0.487,0.376,-0.3158,0.684,12845.24,0.3297,1
syn_00868,49937.67,8796.77,0.1762,36742.52,12,27,26.0,16.1,419,0.9694,0.0369,4.86,0.356,0.239,0.0523,1.052,23370.8,0.1748,0
syn_00869,36189.93,9188.77,0.2539,22406.77,12,21,21.3,14.0,298,0.9081,0.1146,4.72,0.489,0.278,-0.1465,0.854,21043.89,0.1283,1
syn_00870,19582.02,12292.31,0.6277,7832.81,4,4,9.2,9.0,83,0.7888,0.3358,4.47,0.338,0.279,-0.2542,0.746,11446.5,0.3795,1
syn_00871,22304.68,11569.03,0.5187,8921.87,6,6,12.7,10.8,137,0.7003,0.2717,4.28,0.526,0.317,-0.3317,0.668,9754.53,0.3114,1
syn_00872,25555.25,16361.59,0.6402,10222.1,11,11,14.1,7.7,109,0.797,0.3345,4.11,0.456,0.23,-0.3345,0.665,13916.57,0.3637,1
syn_00873,55996.58,8309.48,0.1484,43532.37,12,22,26.9,21.9,588,0.9509,0.0359,4.87,0.658,0.432,0.0579,1.058,33499.68,0.1368,0
syn_00874,18534.55,10066.64,0.5431,7413.82,12,13,10.4,9.8,102,0.801,0.3188,4.28,0.47,0.449,-0.1224,0.878,10971.55,0.2691,1
syn_00875,63359.46,12405.85,0.1958,44750.69,12,43,27.7,21.2,588,0.9408,0.0575,4.78,0.384,0.437,-0.0336,0.966,27519.26,0.1087,0
syn_00876,57742.19,8662.53,0.15,44748.4,12,44,25.0,14.5,363,0.9451,0.0196,4.8,0.657,0.359,-0.0126,0.987,25430.45,0.1282,0
syn_00877,36989.18,13237.24,0.3579,17133.33,12,18,16.5,14.2,233,0.8978,0.0821,4.69,0.302,0.325,-0.1471,0.853,21711.64,0.1434,1
syn_00878,40995.81,9708.71,0.2368,26432.75,10,10,17.3,11.9,204,0.8854,0.0731,4.55,0.562,0.31,-0.103,0.897,22739.94,0.1325,1
syn_00879,30530.54,7014.95,0.2298,20008.11,12,19,22.1,9.5,209,0.8348,0.062,4.66,0.361,0.235,-0.0161,0.984,12902.62,0.325,1
syn_00880,55696.39,6846.96,0.1229,45425.95,12,21,28.7,18.2,523,0.9891,0.0286,4.86,0.695,0.211,0.0149,1.015,31823.08,0.0834,0
syn_00881,53962.67,7066.05,0.1309,43363.6,12,30,22.9,17.1,391,0.939,0.0276,4.77,0.485,0.447,0.0356,1.036,28828.66,0.2196,0
syn_00882,43592.69,17218.08,0.395,17765.56,12,23,20.9,13.6,284,0.8723,0.1432,4.71,0.674,0.347,0.0441,1.044,23500.12,0.1844,1
syn_00883,74544.74,14693.72,0.1971,52504.15,12,22,27.7,18.8,520,0.9456,0.0252,4.75,0.313,0.393,0.1167,1.117,35322.95,0.0508,0
syn_00884,61754.17,5485.65,0.0888,53525.68,12,19,27.5,17.8,488,0.922,0.012,4.89,0.544,0.256,0.1112,1.111,30202.97,0.1124,0
syn_00885,42682.14,14690.12,0.3442,20646.96,12,18,22.8,10.2,232,0.9151,0.1085,4.67,0.659,0.205,-0.1271,0.873,19041.53,0.1472,0
syn_00886,19596.13,11958.35,0.6102,7838.45,12,13,12.5,8.9,111,0.7079,0.2077,4.28,0.658,0.324,-0.3063,0.694,10391.05,0.4417,1
syn_00887,76375.24,7922.05,0.1037,64492.17,12,46,25.3,21.7,550,0.9461,0.0286,4.79,0.386,0.422,-0.0271,0.973,34062.89,0.1265,0
syn_00888,26209.27,13234.77,0.505,10483.71,3,3,13.2,10.5,138,0.8155,0.1951,4.19,0.329,0.301,-0.3258,0.674,15654.25,0.2789,1
syn_00889,54711.65,6891.66,0.126,44374.16,12,43,28.1,19.7,553,0.9353,0.0136,4.91,0.661,0.212,0.0281,1.028,27954.43,0.1809,0
syn_00890,62989.11,12845.97,0.2039,43720.15,12,18,24.5,21.4,524,0.9641,0.0567,4.92,0.498,0.318,-0.0293,0.971,32827.77,0.0807,0
syn_00891,25213.15,17180.53,0.6814,10085.26,7,7,16.0,6.3,100,0.7343,0.213,4.27,0.495,0.394,-0.2418,0.758,12847.92,0.3424,1
syn_00892,55662.87,11212.54,0.2014,38844.07,12,36,24.3,16.0,387,0.9619,0.0192,4.82,0.527,0.364,0.0333,1.033,27554.49,0.1111,0
syn_00893,72345.84,14404.73,0.1991,50738.75,12,21,23.8,16.7,396,0.9549,0.0367,4.9,0.36,0.446,-0.0417,0.958,42510.84,0.1312,0
syn_00894,20349.65,8930.05,0.4388,8139.86,11,11,16.5,8.2,135,0.7949,0.2118,4.24,0.493,0.211,-0.0543,0.946,11637.17,0.3494,1
syn_00895,72938.76,9459.56,0.1297,58749.41,12,30,28.9,14.6,422,0.9614,0.0145,4.92,0.696,0.299,0.149,1.149,35656.79,0.1422,0
syn_00896,18296.15,7473.7,0.4085,7318.46,4,4,11.2,9.6,107,0.795,0.3036,4.37,0.571,0.374,-0.1958,0.804,9547.54,0.4396,1
syn_00897,56064.47,7476.8,0.1334,44849.28,12,44,27.4,17.4,478,0.9822,0.0273,4.83,0.348,0.42,0.1277,1.128,27851.43,0.1281,0
syn_00898,41880.4,14261.39,0.3405,20488.32,11,11,17.3,10.6,183,0.8609,0.1229,4.66,0.615,0.284,-0.0276,0.972,18779.69,0.2056,1
syn_00899,25690.73,14253.45,0.5548,10276.29,9,9,10.7,8.3,88,0.7131,0.2865,4.3,0.514,0.234,-0.0992,0.901,11897.15,0.3071,1
syn_00900,65697.21,11222.47,0.1708,48863.51,12,22,24.7,17.5,432,0.9813,0.0154,4.93,0.462,0.418,-0.0158,0.984,36979.98,0.0507,0
syn_00901,70934.84,6769.5,0.0954,60780.59,12,18,27.5,14.5,399,0.9442,0.0481,4.97,0.421,0.233,0.0243,1.024,39854.14,0.1475,0
syn_00902,68607.93,15040.97,0.2192,46046.48,12,24,22.1,17.9,394,0.9602,0.0557,4.87,0.463,0.213,0.0587,1.059,37474.97,0.1056,0
syn_00903,38672.05,9546.56,0.2469,24352.21,12,12,22.5,14.4,323,0.839,0.0909,4.65,0.673,0.442,-0.128,0.872,21261.02,0.1584,0
syn_00904,69655.57,10852.4,0.1558,53376.98,12,22,22.1,13.6,300,0.9822,0.0534,4.83,0.345,0.308,0.1282,1.128,30566.18,0.1198,0
syn_00905,51378.65,11241.46,0.2188,34516.46,12,34,23.7,14.8,350,0.9569,0.0369,4.85,0.462,0.432,0.1044,1.104,24562.12,0.1489,1
syn_00906,79409.32,8568.69,0.1079,66556.29,12,31,22.5,20.7,465,0.9808,0.0336,4.87,0.492,0.415,0.1172,1.117,43434.53,0.1215,1
syn_00907,26434.32,14951.62,0.5656,10573.73,12,13,12.6,9.6,121,0.7758,0.253,4.14,0.635,0.272,-0.0722,0.928,13939.7,0.2564,1
syn_00908,71377.92,15357.97,0.2152,48340.97,12,30,27.7,21.5,593,0.9298,0.0136,4.88,0.402,0.321,0.0081,1.008,33233.73,0.1464,0
syn_00909,66882.99,9501.4,0.1421,52630.89,12,25,25.1,16.3,408,0.9212,0.0361,4.83,0.577,0.358,-0.0497,0.95,36402.69,0.0863,0
syn_00910,38381.83,14664.95,0.3821,16384.42,12,15,19.0,13.2,250,0.8635,0.0976,4.69,0.392,0.345,-0.1098,0.89,21308.27,0.1571,1
syn_00911,35290.02,14742.48,0.4178,14116.01,12,20,20.2,11.4,229,0.9036,0.1257,4.69,0.637,0.271,-0.1049,0.895,15091.23,0.193,1
syn_00912,41804.22,15316.8,0.3664,18829.02,9,9,16.3,13.1,212,0.8615,0.0712,4.6,0.61,0.352,-0.1053,0.895,21869.13,0.1553,1
syn_00913,69959.46,5931.68,0.0848,61061.95,12,45,27.7,14.8,410,0.9605,0.0333,4.85,0.616,0.219,0.1279,1.128,40921.47,0.0991,0
syn_00914,53124.1,4307.42,0.0811,46662.97,12,34,25.0,14.2,355,0.9312,0.0138,4.8,0.313,0.217,0.0931,1.093,27066.37,0.1935,0
syn_00915,71665.64,11803.36,0.1647,53960.6,12,34,24.7,14.1,348,0.9747,0.0282,4.92,0.406,0.434,0.0526,1.053,29995.09,0.1346,0
syn_00916,61846.56,6047.82,0.0978,52774.83,12,21,25.5,18.1,460,0.9436,0.0136,4.97,0.494,0.25,0.1047,1.105,32570.02,0.1706,0
syn_00917,52401.67,11515.67,0.2198,35128.17,12,28,22.3,17.0,379,0.9516,0.025,4.88,0.634,0.352,-0.02,0.98,27956.84,0.1919,0
syn_00918,72599.51,14727.27,0.2029,50508.6,12,33,22.7,16.5,374,0.9743,0.0316,4.83,0.383,0.241,0.0323,1.032,29042.63,0.1161,0
syn_00919,65426.31,7113.98,0.1087,54755.33,12,34,26.9,19.7,528,0.9381,0.0272,4.98,0.642,0.435,0.0249,1.025,33331.75,0.1505,0
syn_00920,35972.58,13369.61,0.3717,15918.16,11,11,20.6,10.1,206,0.8251,0.1215,4.56,0.374,0.255,-0.0351,0.965,17535.43,0.2357,1
syn_00921,64126.9,6954.08,0.1084,53695.79,12,34,22.5,14.5,326,0.9889,0.0334,4.95,0.633,0.221,0.1198,1.12,29412.6,0.1186,0
syn_00922,45623.78,12813.02,0.2808,26404.25,9,9,20.6,11.9,245,0.8566,0.1181,4.74,0.454,0.318,-0.1405,0.859,21816.55,0.2085,1
syn_00923,21950.57,8483.07,0.3865,9225.97,7,7,10.3,8.9,90,0.7719,0.2623,4.16,0.656,0.318,-0.2164,0.784,10994.33,0.2859,1
syn_00924,41414.39,11068.63,0.2673,24811.45,10,10,19.1,9.1,173,0.8352,0.0683,4.56,0.356,0.436,-0.127,0.873,24608.1,0.1968,1
syn_00925,22987.48,8941.25,0.389,9575.6,5,5,16.5,8.1,133,0.6573,0.2119,4.13,0.34,0.402,-0.2321,0.768,11632.17,0.3415,1
syn_00926,58967.69,6582.97,0.1116,49093.23,12,35,26.5,17.1,453,0.948,0.0396,4.86,0.486,0.214,0.0107,1.011,27484.86,0.1362,0
syn_00927,75718.05,15415.65,0.2036,52594.57,12,34,22.5,16.8,377,0.9608,0.0174,4.93,0.658,0.214,0.0988,1.099,45302.32,0.147,0
syn_00928,28713.49,9265.97,0.3227,14814.53,12,17,20.3,10.1,205,0.8473,0.1176,4.62,0.664,0.207,0.0473,1.047,15696.75,0.2109,0
syn_00929,28549.7,7843.72,0.2747,16784.12,9,9,17.9,13.9,248,0.8911,0.1483,4.68,0.345,0.376,-0.0538,0.946,11422.97,0.287,1
syn_00930,17742.6,9603.31,0.5413,7097.04,12,13,14.4,6.5,93,0.7521,0.1941,4.24,0.419,0.24,-0.2175,0.782,9050.98,0.4028,1
syn_00931,66622.2,12661.96,0.1901,47629.26,12,23,23.2,14.0,324,0.9725,0.0253,4.97,0.37,0.394,0.0929,1.093,36115.32,0.0892,0
syn_00932,69552.53,9689.82,0.1393,55017.79,12,18,25.6,14.9,381,0.9586,0.059,4.77,0.627,0.428,0.0068,1.007,38274.07,0.0746,0
syn_00933,68380.77,10466.08,0.1531,52681.65,12,34,25.0,14.7,368,0.9542,0.0301,4.93,0.323,0.332,0.1027,1.103,39817.86,0.0615,0
syn_00934,51123.52,5810.82,0.1137,42407.29,12,43,24.8,20.8,516,0.9857,0.0596,4.97,0.632,0.423,-0.0488,0.951,29164.88,0.0671,0
syn_00935,77355.58,11210.56,0.1449,60539.74,12,36,22.7,17.1,389,0.9463,0.0389,4.85,0.376,0.402,-0.0465,0.953,38004.18,0.1544,0
syn_00936,56689.07,4798.52,0.0846,49491.29,12,41,25.6,14.8,378,0.973,0.0421,4.96,0.568,0.408,0.1066,1.107,24941.4,0.0816,0
syn_00937,40732.82,11388.55,0.2796,23650.0,12,15,17.3,12.7,219,0.8434,0.0672,4.5,0.56,0.289,-0.0101,0.99,18310.94,0.1515,1
syn_00938,26024.36,17553.33,0.6745,10409.75,12,13,12.6,8.2,103,0.7762,0.2862,4.47,0.579,0.373,-0.1351,0.865,13800.69,0.3646,1
syn_00939,76812.03,8495.16,0.1106,64069.29,12,41,26.4,16.5,436,0.9893,0.0339,4.8,0.327,0.448,0.0264,1.026,44918.3,0.1157,0
syn_00940,28248.32,7182.32,0.2543,17474.84,10,10,21.9,9.1,199,0.8433,0.1282,4.65,0.391,0.338,0.03,1.03,16663.11,0.3001,1
syn_00941,47524.63,15095.3,0.3176,24881.67,10,10,16.4,14.6,239,0.8786,0.1229,4.63,0.457,0.268,0.042,1.042,25963.86,0.0884,0
syn_00942,74681.9,10104.88,0.1353,59524.57,12,39,25.9,15.0,390,0.9636,0.0106,4.86,0.539,0.432,0.0788,1.079,39113.36,0.1508,0
syn_00943,76388.54,6637.72,0.0869,66431.96,12,27,23.0,13.7,315,0.979,0.0105,4.95,0.495,0.21,0.0403,1.04,39696.91,0.0397,0
syn_00944,42406.49,16368.55,0.386,17853.67,12,21,17.4,14.3,249,0.8522,0.0612,4.71,0.487,0.424,0.0666,1.067,23481.01,0.1871,1
syn_00945,57321.69,11074.67,0.1932,40709.69,12,42,28.4,16.8,479,0.9456,0.0501,4.87,0.4,0.383,0.0869,1.087,32640.24,0.1501,0
syn_00946,57920.06,10698.12,0.1847,41872.88,12,27,25.9,20.9,542,0.9415,0.0446,4.92,0.429,0.372,-0.0197,0.98,29159.07,0.114,0
syn_00947,77921.41,12399.45,0.1591,59322.24,12,39,26.3,13.6,357,0.9805,0.0243,4.89,0.314,0.375,0.1458,1.146,35458.77,0.1073,0
syn_00948,53044.35,8062.64,0.152,40950.4,12,43,26.2,17.1,448,0.9439,0.0334,4.82,0.695,0.325,0.0376,1.038,25819.82,0.1175,0
syn_00949,75725.28,6289.21,0.0831,66291.47,12,32,26.8,17.9,479,0.9319,0.0509,4.83,0.635,0.214,0.0088,1.009,35764.67,0.138,0
syn_00950,29390.16,9455.27,0.3217,15207.25,12,17,16.6,13.4,222,0.8747,0.1458,4.55,0.589,0.404,-0.0106,0.989,14024.6,0.1793,1
syn_00951,19462.47,11675.13,0.5999,7784.99,3,3,13.0,6.1,79,0.744,0.2256,4.26,0.675,0.366,-0.1071,0.893,11574.51,0.3359,1
syn_00952,35582.79,11234.92,0.3157,18730.4,12,20,17.3,10.8,186,0.8978,0.1405,4.68,0.486,0.352,-0.043,0.957,20944.4,0.127,1
syn_00953,59646.04,11853.65,0.1987,41865.57,12,47,25.7,14.2,364,0.9758,0.0455,4.87,0.562,0.334,0.0529,1.053,27963.87,0.0635,0
syn_00954,33999.83,7809.99,0.2297,22284.85,12,14,21.2,13.5,285,0.8871,0.1179,4.56,0.341,0.216,-0.1449,0.855,17060.17,0.2604,1
syn_00955,77399.16,15909.03,0.2055,53535.62,12,42,28.4,21.2,602,0.9569,0.021,4.93,0.481,0.418,-0.0073,0.993,42828.76,0.0698,0
syn_00956,31917.44,8087.71,0.2534,19785.87,12,22,20.0,11.8,235,0.886,0.1315,4.69,0.344,0.272,0.0667,1.067,17833.0,0.2002,1
syn_00957,51558.93,4354.56,0.0845,45027.1,12,29,26.6,18.5,491,0.9696,0.043,4.78,0.687,0.349,0.0082,1.008,22242.81,0.0808,0
syn_00958,32201.06,12132.82,0.3768,14001.82,12,12,20.8,13.1,272,0.8753,0.1107,4.68,0.519,0.376,-0.0879,0.912,13707.11,0.19,1
syn_00959,20565.21,13359.74,0.6496,8226.08,7,7,15.4,9.4,144,0.7287,0.208,4.36,0.571,0.302,-0.0871,0.913,11892.87,0.4337,0
syn_00960,51074.43,10052.62,0.1968,35995.5,12,34,27.3,17.1,467,0.95,0.0549,4.82,0.378,0.236,-0.0002,1.0,22378.3,0.2242,0
syn_00961,72774.1,8267.53,0.1136,60372.8,12,25,27.1,15.3,413,0.9477,0.0592,4.81,0.627,0.336,0.0253,1.025,42068.89,0.0785,0
syn_00962,49772.5,8276.66,0.1663,37357.51,12,36,26.8,14.8,396,0.9774,0.0556,4.94,0.628,0.202,0.011,1.011,20756.97,0.1664,0
syn_00963,72366.32,13782.66,0.1905,51692.33,12,40,28.5,14.1,400,0.9362,0.0552,4.79,0.583,0.355,0.0864,1.086,42215.71,0.1074,0
syn_00964,51815.84,7112.79,0.1373,41146.65,12,26,22.2,14.9,330,0.9503,0.0309,4.76,0.34,0.414,0.0678,1.068,30280.09,0.1534,0
syn_00965,48631.03,9049.93,0.1861,35056.14,12,44,24.5,19.6,481,0.9481,0.0135,4.93,0.387,0.39,-0.0357,0.964,28682.83,0.2323,0
syn_00966,35523.3,11411.87,0.3213,18405.49,12,22,18.5,10.5,195,0.8951,0.0906,4.61,0.489,0.395,-0.0572,0.943,14793.36,0.233,1
syn_00967,29913.27,6807.76,0.2276,19701.63,8,8,19.2,14.0,267,0.8513,0.0946,4.73,0.326,0.234,0.0425,1.042,16351.77,0.2671,1
syn_00968,67705.27,10636.99,0.1571,51749.79,12,36,23.8,16.3,388,0.9268,0.0213,4.96,0.313,0.449,0.1459,1.146,28208.41,0.1304,0
syn_00969,56090.76,7565.37,0.1349,44742.7,12,38,26.5,16.9,448,0.9375,0.0267,4.83,0.384,0.292,0.1419,1.142,28510.39,0.1816,0
syn_00970,16589.04,8926.1,0.5381,6635.62,4,4,11.2,8.4,94,0.7268,0.2313,4.15,0.345,0.213,-0.3077,0.692,7014.24,0.5187,1
syn_00971,35456.2,12620.11,0.3559,16526.04,12,19,21.0,14.6,306,0.8265,0.0773,4.52,0.524,0.265,0.0496,1.05,17198.8,0.2469,1
syn_00972,57570.57,8251.73,0.1433,45192.98,12,39,22.9,20.2,462,0.9596,0.0551,4.86,0.429,0.291,0.1383,1.138,27904.92,0.1915,0
syn_00973,71101.57,13387.91,0.1883,51019.71,12,35,23.0,17.0,391,0.9324,0.0431,4.79,0.498,0.221,0.1308,1.131,38517.11,0.0714,0
syn_00974,18334.92,10274.7,0.5604,7333.97,9,9,9.6,9.8,94,0.8073,0.3236,4.24,0.484,0.427,-0.2523,0.748,8612.28,0.255,1
syn_00975,50346.13,5602.11,0.1113,41942.96,12,18,22.2,17.5,389,0.942,0.019,4.92,0.5,0.414,-0.0091,0.991,26690.85,0.1825,1
syn_00976,35953.62,12801.4,0.3561,16751.52,12,12,22.2,9.2,205,0.8272,0.0893,4.56,0.674,0.236,-0.0891,0.911,20164.05,0.1482,1
syn_00977,77856.48,14465.73,0.1858,56157.88,12,25,27.5,13.9,383,0.9785,0.0304,4.81,0.652,0.239,0.0652,1.065,34589.26,0.1336,1
syn_00978,19785.74,7766.34,0.3925,8136.22,6,6,11.6,10.3,119,0.6543,0.2253,4.11,0.474,0.268,-0.2387,0.761,10873.38,0.2711,1
syn_00979,33187.83,10927.08,0.3292,16797.21,10,10,17.7,13.1,230,0.8691,0.1295,4.74,0.494,0.334,-0.1234,0.877,17791.67,0.181,1
syn_00980,73322.93,11756.29,0.1603,55688.49,12,34,23.9,19.0,453,0.9453,0.0372,4.86,0.673,0.328,0.0262,1.026,31032.08,0.1292,1
syn_00981,37342.07,14451.19,0.387,15665.29,12,21,17.2,10.0,171,0.8857,0.1383,4.72,0.457,0.441,-0.0019,0.998,19930.26,0.1916,1
syn_00982,28151.83,9417.75,0.3345,14025.21,12,23,21.0,13.5,283,0.9105,0.0604,4.5,0.489,0.215,-0.0414,0.959,11404.12,0.1483,1
syn_00983,49429.12,6273.42,0.1269,40019.0,12,29,24.7,21.9,542,0.9346,0.0372,4.98,0.476,0.402,0.1084,1.108,20085.05,0.2416,0
syn_00984,71864.04,8299.27,0.1155,59415.14,12,39,28.1,17.1,482,0.9347,0.0533,4.85,0.534,0.298,0.1001,1.1,37629.86,0.1104,0
syn_00985,49135.03,9868.58,0.2008,34332.15,12,44,24.5,18.8,459,0.9846,0.0176,4.88,0.605,0.289,0.1029,1.103,24315.63,0.1998,0
syn_00986,15318.04,7598.32,0.496,6127.22,7,7,10.0,5.7,57,0.6979,0.1512,4.39,0.407,0.343,-0.3278,0.672,8906.22,0.3601,1
syn_00987,26387.14,11513.8,0.4363,10554.86,12,12,11.1,5.5,60,0.7823,0.1547,4.33,0.648,0.361,-0.2756,0.724,10603.8,0.2167,1
syn_00988,22739.15,13662.64,0.6008,9095.66,6,6,12.1,10.3,124,0.8166,0.2437,4.26,0.517,0.204,-0.2084,0.792,10708.01,0.3854,1
syn_00989,37440.15,14217.36,0.3797,16114.11,12,13,16.3,10.0,162,0.8598,0.0807,4.58,0.394,0.408,0.0796,1.08,15845.41,0.2391,1
syn_00990,35539.88,11420.47,0.3213,18409.18,11,11,19.7,14.3,282,0.8581,0.1418,4.61,0.382,0.319,0.0217,1.022,14872.9,0.2696,1
syn_00991,78230.69,7489.54,0.0957,66996.37,12,37,25.2,14.7,370,0.9826,0.0582,4.86,0.523,0.341,-0.0292,0.971,36030.84,0.1287,0
syn_00992,62068.55,7591.4,0.1223,50681.45,12,35,22.5,15.3,343,0.9338,0.0371,4.89,0.49,0.447,0.0717,1.072,32012.11,0.1046,0
syn_00993,49611.62,8506.78,0.1715,36851.44,12,37,28.0,21.5,600,0.9898,0.0241,4.88,0.574,0.278,0.0401,1.04,28204.67,0.1628,0
syn_00994,23393.91,13077.4,0.559,9357.56,10,10,9.4,10.6,99,0.7567,0.3488,4.33,0.611,0.393,-0.137,0.863,11080.59,0.2044,1
syn_00995,79845.83,7232.71,0.0906,68996.77,12,47,28.6,15.6,445,0.9682,0.0269,4.97,0.587,0.445,-0.0297,0.97,41071.93,0.0937,0
syn_00996,35192.73,10029.13,0.285,20149.04,12,21,19.6,9.3,181,0.9145,0.0729,4.73,0.588,0.27,-0.1308,0.869,20046.05,0.2539,1
syn_00997,30176.15,12264.37,0.4064,12070.46,12,16,19.2,13.4,256,0.8701,0.1144,4.58,0.318,0.285,-0.1039,0.896,15448.87,0.2404,1
syn_00998,55548.83,4845.52,0.0872,48280.55,12,20,29.0,19.6,568,0.9261,0.011,4.92,0.375,0.396,0.0378,1.038,23069.69,0.1815,0
syn_00999,23865.97,11646.4,0.488,9546.39,9,9,12.1,9.4,113,0.8077,0.2721,4.43,0.617,0.402,-0.2985,0.701,11780.08,0.233,1
syn_01000,68696.8,15043.92,0.219,46130.91,12,23,26.4,13.3,351,0.9212,0.026,4.8,0.394,0.427,0.1126,1.113,37664.82,0.1543,0
syn_01001,61295.43,10318.59,0.1683,45817.54,12,37,24.7,16.1,396,0.9644,0.0396,4.82,0.397,0.248,-0.0201,0.98,31687.31,0.1031,1
syn_01002,71329.2,8127.12,0.1139,59138.52,12,30,26.2,21.0,548,0.9837,0.0579,4.93,0.583,0.434,0.1312,1.131,39978.86,0.0717,1
syn_01003,71886.71,15086.58,0.2099,49256.85,12,37,26.5,21.7,576,0.9441,0.0275,4.87,0.509,0.29,0.0267,1.027,32611.09,0.0419,0
syn_01004,51960.34,4739.08,0.0912,44851.72,12,34,27.3,13.1,357,0.9871,0.0358,4.98,0.444,0.265,-0.0384,0.962,27545.97,0.1588,0
syn_01005,15218.83,7683.87,0.5049,6087.53,7,7,14.2,6.5,92,0.7234,0.1519,4.35,0.68,0.218,-0.1231,0.877,7852.21,0.4315,1
syn_01006,38324.66,15124.13,0.3946,15638.46,12,16,17.4,9.2,161,0.8872,0.0911,4.5,0.465,0.321,-0.0922,0.908,18266.77,0.1528,1
syn_01007,49456.14,10540.86,0.2131,33644.84,12,47,26.1,20.2,525,0.9501,0.0327,4.95,0.561,0.377,0.1292,1.129,27702.93,0.1041,0
syn_01008,36049.1,14902.81,0.4134,14419.64,12,17,20.3,13.4,271,0.8545,0.1203,4.56,0.408,0.35,-0.0936,0.906,17870.3,0.2299,1
syn_01009,57308.15,10324.82,0.1802,41820.93,12,35,27.6,15.3,423,0.941,0.0431,4.91,0.577,0.223,0.0908,1.091,29882.67,0.1596,0
syn_01010,26147.57,17522.38,0.6701,10459.03,12,12,12.3,10.1,123,0.6769,0.1445,4.43,0.398,0.368,-0.3276,0.672,12159.69,0.3611,1
syn_01011,53427.97,9490.42,0.1776,39192.34,12,43,23.6,13.6,320,0.9537,0.0185,4.92,0.372,0.221,-0.0025,0.998,25993.36,0.1138,0
syn_01012,65365.1,8637.3,0.1321,52409.15,12,30,27.5,13.4,367,0.9502,0.0291,4.9,0.312,0.241,0.1433,1.143,26317.6,0.1162,0
syn_01013,51105.73,7184.06,0.1406,40329.65,12,27,24.4,14.1,343,0.9407,0.0543,4.82,0.44,0.254,0.0928,1.093,26297.16,0.1665,0
syn_01014,62090.02,10401.89,0.1675,46487.18,12,44,25.4,20.9,530,0.9583,0.034,4.96,0.634,0.336,0.0939,1.094,35047.27,0.0645,0
syn_01015,36782.32,13095.97,0.356,17138.36,12,18,16.8,14.8,247,0.895,0.1168,4.58,0.625,0.207,-0.113,0.887,17202.52,0.1755,1
syn_01016,65476.62,11210.03,0.1712,48661.57,12,40,25.6,21.9,561,0.9238,0.0346,4.77,0.679,0.284,-0.018,0.982,37249.13,0.0985,0
syn_01017,44311.74,15309.22,0.3455,21347.9,12,16,16.0,13.6,217,0.8947,0.1059,4.73,0.598,0.226,0.0589,1.059,21198.84,0.1612,0
syn_01018,26056.79,10303.07,0.3954,10602.18,11,11,13.0,9.2,119,0.7423,0.28,4.44,0.317,0.291,-0.2377,0.762,14785.06,0.3355,1
syn_01019,68900.18,9724.65,0.1411,54313.2,12,42,26.6,13.5,357,0.9326,0.0413,4.9,0.521,0.35,0.1048,1.105,31383.29,0.0962,0
syn_01020,21801.83,10699.89,0.4908,8720.73,5,5,13.2,6.4,84,0.6581,0.2602,4.24,0.532,0.404,-0.2954,0.705,12866.22,0.2807,0
syn_01021,63466.18,10176.95,0.1604,48200.76,12,45,25.4,19.6,498,0.9597,0.0236,4.78,0.33,0.287,0.0712,1.071,36861.47,0.1166,0
syn_01022,33799.17,13150.14,0.3891,14073.95,12,18,19.5,12.0,233,0.9177,0.1452,4.59,0.458,0.435,-0.1177,0.882,20073.44,0.1762,1
syn_01023,22347.94,8534.65,0.3819,9545.97,8,8,10.7,5.1,55,0.7783,0.1706,4.46,0.439,0.347,-0.157,0.843,12703.82,0.2527,1
syn_01024,71962.85,11946.8,0.166,54042.65,12,47,25.0,18.6,463,0.9439,0.0114,4.84,0.408,0.261,0.1361,1.136,41969.37,0.12,0
syn_01025,65430.02,9735.85,0.1488,50826.24,12,35,27.0,15.8,428,0.9747,0.0188,4.93,0.322,0.237,0.0828,1.083,32956.4,0.1398,0
syn_01026,29525.03,11932.63,0.4042,11810.01,12,19,22.8,12.6,288,0.8681,0.1267,4.58,0.405,0.258,-0.0365,0.963,12071.87,0.3217,1
syn_01027,58053.36,7685.67,0.1324,46524.85,12,31,26.3,19.9,523,0.9715,0.0507,4.76,0.555,0.415,-0.0405,0.96,28642.61,0.1741,0
syn_01028,22091.17,14283.61,0.6466,8836.47,8,8,13.3,8.1,107,0.8039,0.3059,4.48,0.618,0.246,-0.2845,0.715,9532.46,0.3224,1
syn_01029,31864.72,10026.9,0.3147,16824.37,12,17,20.8,12.8,265,0.8627,0.1409,4.63,0.386,0.332,-0.0337,0.966,13242.21,0.1373,1
syn_01030,66058.92,13200.99,0.1998,46257.43,12,40,28.3,18.8,532,0.9708,0.0375,4.84,0.455,0.309,0.0796,1.08,34130.26,0.1692,0
syn_01031,63818.06,10362.91,0.1624,48273.69,12,32,24.5,18.5,454,0.9815,0.0578,4.88,0.367,0.211,-0.0415,0.959,29281.48,0.1837,0
syn_01032,24099.47,15544.03,0.645,9639.79,8,8,15.3,10.3,157,0.8144,0.2322,4.5,0.662,0.293,-0.133,0.867,11173.56,0.2014,1
syn_01033,34641.5,8052.37,0.2324,22562.94,8,8,19.7,13.9,273,0.8406,0.1075,4.55,0.52,0.348,-0.1222,0.878,20236.54,0.204,1
syn_01034,74832.08,13553.91,0.1811,54501.22,12,35,22.9,18.3,420,0.9671,0.0119,4.95,0.553,0.37,0.1313,1.131,32557.47,0.1424,0
syn_01035,34554.54,10200.23,0.2952,19254.19,12,18,22.3,9.1,202,0.8899,0.1459,4.68,0.425,0.267,0.0786,1.079,20495.24,0.2351,1
syn_01036,68266.83,13232.92,0.1938,48417.45,12,29,24.1,14.9,359,0.9667,0.0435,4.96,0.337,0.308,-0.0468,0.953,33846.67,0.1564,0
syn_01037,64131.04,12424.99,0.1937,45493.55,12,25,27.2,18.3,498,0.9578,0.0314,4.97,0.632,0.376,0.062,1.062,35527.43,0.0824,1
syn_01038,35241.12,14345.83,0.4071,14096.45,9,9,22.0,10.7,236,0.8357,0.1004,4.59,0.659,0.209,0.0069,1.007,18586.15,0.278,1
syn_01039,27241.96,12092.46,0.4439,10896.78,10,10,9.3,7.9,73,0.7266,0.2096,4.5,0.67,0.242,-0.1032,0.897,15457.86,0.2866,1
syn_01040,73454.43,12270.29,0.167,55048.99,12,19,24.2,14.5,350,0.9228,0.0183,4.85,0.592,0.209,-0.0006,0.999,31209.67,0.0726,0
syn_01041,53965.34,5225.29,0.0968,46127.4,12,32,28.1,21.5,602,0.9255,0.0275,4.97,0.381,0.422,-0.0334,0.967,21885.95,0.1629,0
syn_01042,24960.29,15394.96,0.6168,9984.12,9,9,14.3,10.0,142,0.7665,0.2521,4.2,0.579,0.434,-0.1268,0.873,13504.56,0.2751,1
syn_01043,55815.66,11526.02,0.2065,38526.63,12,37,22.7,18.9,429,0.9754,0.0277,4.97,0.687,0.218,0.1201,1.12,33405.22,0.1013,0
syn_01044,50973.17,6771.77,0.1328,40815.52,12,34,24.2,17.8,431,0.9663,0.0452,4.78,0.658,0.416,0.1126,1.113,21520.11,0.1787,0
syn_01045,77849.98,14022.58,0.1801,56816.12,12,29,28.5,20.2,574,0.9627,0.0158,4.82,0.419,0.317,0.1438,1.144,45258.01,0.0755,0
syn_01046,58146.84,11601.86,0.1995,40744.06,12,41,27.6,19.0,523,0.9427,0.0358,4.85,0.342,0.235,0.0178,1.018,29265.22,0.1829,0
syn_01047,21627.01,11838.84,0.5474,8650.8,9,9,10.7,9.3,99,0.6644,0.2604,4.34,0.312,0.328,-0.0757,0.924,12383.35,0.3297,1
syn_01048,77854.24,14073.45,0.1808,56744.07,12,32,22.5,15.0,338,0.9672,0.0547,4.76,0.599,0.413,0.1125,1.112,38209.44,0.1035,0
syn_01049,67692.98,8463.1,0.125,54998.34,12,34,26.0,15.1,393,0.93,0.0287,4.92,0.403,0.332,0.1332,1.133,31912.86,0.1052,0
syn_01050,23879.65,16427.4,0.6879,9551.86,3,3,11.4,10.2,115,0.8087,0.2969,4.2,0.553,0.288,-0.2498,0.75,10356.83,0.1959,1
syn_01051,71248.84,14802.97,0.2078,49044.39,12,40,27.1,20.5,554,0.9722,0.0415,4.85,0.41,0.255,0.1304,1.13,37072.83,0.1243,0
syn_01052,73613.12,10880.87,0.1478,57291.82,12,23,26.0,14.3,372,0.9427,0.0305,4.94,0.695,0.438,0.104,1.104,35096.1,0.068,0
syn_01053,44028.61,16035.2,0.3642,19975.8,12,19,20.9,14.8,308,0.8796,0.1173,4.71,0.482,0.449,0.0041,1.004,24355.14,0.1907,1
syn_01054,34680.29,13397.31,0.3863,14584.33,12,20,20.3,13.2,267,0.8494,0.1094,4.66,0.567,0.443,-0.0145,0.985,14577.7,0.2737,0
syn_01055,36548.71,9783.3,0.2677,21873.76,12,12,16.0,10.1,162,0.8204,0.1248,4.61,0.422,0.256,-0.0781,0.922,15843.96,0.2345,1
syn_01056,79737.16,6388.5,0.0801,70154.41,12,30,23.4,14.7,343,0.9702,0.0276,4.86,0.339,0.398,-0.0203,0.98,46196.53,0.0833,0
syn_01057,36370.33,10776.46,0.2963,20205.63,12,19,16.7,12.1,202,0.8715,0.1021,4.69,0.453,0.233,0.0415,1.041,20775.71,0.2338,1
syn_01058,19611.42,7645.17,0.3898,8143.66,9,9,13.3,10.5,140,0.7514,0.344,4.16,0.533,0.353,-0.1795,0.82,9705.53,0.4329,1
syn_01059,43415.45,15312.15,0.3527,20447.23,12,20,17.5,11.4,200,0.8976,0.1458,4.52,0.612,0.405,-0.0268,0.973,24092.16,0.1353,1
syn_01060,22729.18,11740.08,0.5165,9091.67,4,4,11.7,8.4,98,0.783,0.1448,4.51,0.601,0.297,-0.107,0.893,10180.91,0.3632,1
syn_01061,18800.52,10461.13,0.5564,7520.21,4,4,11.6,7.5,87,0.7337,0.3198,4.32,0.389,0.295,-0.2413,0.759,9743.65,0.3052,1
syn_01062,73392.68,9202.09,0.1254,59589.54,12,29,25.5,18.6,474,0.9363,0.0459,4.88,0.524,0.352,0.0394,1.039,40461.45,0.1402,0
syn_01063,22820.31,14171.87,0.621,9128.12,11,11,12.5,8.3,103,0.6606,0.1589,4.45,0.502,0.327,-0.3321,0.668,10059.96,0.2343,1
syn_01064,40169.82,16050.05,0.3996,16094.75,12,15,18.8,11.3,212,0.8204,0.1152,4.51,0.614,0.267,-0.034,0.966,19683.85,0.2197,1
syn_01065,31399.93,12592.21,0.401,12559.97,12,17,17.4,14.9,259,0.8207,0.0837,4.55,0.564,0.31,-0.1468,0.853,14485.25,0.2673,1
syn_01066,30292.96,11396.47,0.3762,13198.25,12,18,21.0,12.9,272,0.8355,0.0841,4.6,0.526,0.256,-0.0856,0.914,13296.44,0.1772,1
syn_01067,25334.36,17463.87,0.6893,10133.74,5,5,14.8,11.0,162,0.7607,0.1857,4.19,0.492,0.441,-0.2526,0.747,11746.54,0.179,1
syn_01068,72163.77,8005.83,0.1109,60155.02,12,39,25.5,16.2,411,0.974,0.0411,4.86,0.651,0.396,0.1059,1.106,32421.42,0.0709,0
syn_01069,60147.0,10189.36,0.1694,44862.96,12,47,23.1,21.8,504,0.9693,0.0477,4.77,0.489,0.261,0.1027,1.103,28007.18,0.1658,0
syn_01070,55361.74,5022.4,0.0907,47828.15,12,22,28.4,17.8,505,0.9478,0.0368,4.89,0.448,0.206,0.1344,1.134,29944.58,0.0832,0
syn_01071,79677.54,9484.97,0.119,65450.09,12,18,28.5,22.0,625,0.962,0.0117,4.77,0.577,0.424,0.0463,1.046,38146.78,0.0835,0
syn_01072,51434.2,5120.24,0.0995,43753.83,12,24,25.6,15.9,406,0.9496,0.0591,4.79,0.679,0.298,0.0582,1.058,27584.2,0.0756,0
syn_01073,52663.72,5908.79,0.1122,43800.53,12,29,26.3,13.6,358,0.9525,0.0405,4.85,0.455,0.286,-0.0462,0.954,27731.49,0.2254,0
syn_01074,76463.68,13507.7,0.1767,56202.13,12,28,23.0,18.3,421,0.9825,0.045,4.78,0.64,0.433,0.1236,1.124,38934.14,0.0747,0
syn_01075,26984.55,10723.76,0.3974,10898.9,3,3,11.1,8.1,90,0.7316,0.267,4.3,0.578,0.243,-0.0697,0.93,14711.84,0.2113,1
syn_01076,20210.56,8166.73,0.4041,8084.22,4,4,13.4,9.0,120,0.81,0.2953,4.33,0.464,0.41,-0.0702,0.93,9857.88,0.341,1
syn_01077,71111.46,14688.55,0.2066,49078.64,12,34,28.2,17.6,495,0.965,0.0297,4.86,0.612,0.341,0.1313,1.131,29932.04,0.16,0
syn_01078,24281.26,15385.31,0.6336,9712.5,8,8,13.0,10.1,131,0.7428,0.2264,4.15,0.442,0.238,-0.232,0.768,10094.76,0.3365,1
syn_01079,40819.04,14017.88,0.3434,19792.22,12,23,19.9,9.5,189,0.893,0.1142,4.67,0.615,0.207,0.0567,1.057,18116.18,0.2132,1
syn_01080,71393.14,10720.63,0.1502,55312.2,12,20,24.6,14.0,342,0.9713,0.0261,4.81,0.408,0.399,0.0805,1.08,37661.16,0.1125,0
syn_01081,73038.06,13081.47,0.1791,53415.85,12,22,23.3,14.0,326,0.9787,0.0488,4.83,0.49,0.305,0.0816,1.082,36416.08,0.0564,0
syn_01082,59571.72,11074.84,0.1859,42959.46,12,19,24.6,19.4,477,0.9459,0.0312,4.88,0.68,0.447,0.1401,1.14,35350.89,0.0668,0
syn_01083,68638.84,10830.44,0.1578,52393.17,12,32,26.4,20.9,551,0.9722,0.0348,4.86,0.509,0.286,0.0779,1.078,34899.02,0.1035,0
syn_01084,75349.56,6855.98,0.091,65065.6,12,46,27.0,16.1,436,0.9896,0.0251,4.8,0.325,0.43,0.0636,1.064,42308.5,0.1396,0
syn_01085,63705.83,9092.91,0.1427,50066.47,12,45,28.8,21.9,631,0.9655,0.0164,4.87,0.527,0.371,0.0558,1.056,30967.51,0.1198,0
syn_01086,56984.06,8603.48,0.151,44078.85,12,36,27.4,19.4,530,0.9283,0.0396,4.97,0.413,0.272,-0.0186,0.981,26183.63,0.1874,0
syn_01087,15819.2,9051.6,0.5722,6327.68,6,6,10.0,9.8,97,0.7591,0.3237,4.43,0.306,0.42,-0.3164,0.684,7040.94,0.4049,1
syn_01088,71503.76,14379.09,0.2011,49935.12,12,22,25.8,15.6,401,0.9446,0.0271,4.83,0.375,0.41,-0.0014,0.999,30025.78,0.1186,0
syn_01089,31310.39,7791.6,0.2489,19622.99,12,22,19.8,12.7,251,0.868,0.1139,4.55,0.421,0.303,-0.0397,0.96,16076.59,0.2539,1
syn_01090,75043.38,9729.21,0.1296,60449.57,12,38,22.3,21.9,488,0.9385,0.0163,4.84,0.347,0.283,0.0977,1.098,36400.49,0.0752,0
syn_01091,30395.57,7679.88,0.2527,18875.75,12,17,20.5,13.9,284,0.8549,0.1136,4.54,0.631,0.271,-0.0784,0.922,13566.9,0.1356,1
syn_01092,70954.49,13961.43,0.1968,50012.35,12,47,22.1,16.2,357,0.972,0.0139,4.88,0.345,0.358,0.0358,1.036,39223.99,0.0445,0
syn_01093,76743.64,11158.31,0.1454,60006.17,12,26,24.7,19.5,482,0.9837,0.0113,4.85,0.483,0.252,0.0722,1.072,34190.71,0.0765,0
syn_01094,33344.94,13199.59,0.3958,13545.56,12,12,17.1,9.4,160,0.8469,0.1146,4.53,0.627,0.259,-0.0415,0.958,14346.75,0.2328,1
syn_01095,30293.62,10992.12,0.3629,13805.44,12,14,17.5,10.1,176,0.8558,0.1188,4.56,0.472,0.397,-0.1078,0.892,15318.62,0.134,1
syn_01096,28191.65,11651.16,0.4133,11276.66,12,21,18.4,14.9,274,0.8453,0.1024,4.59,0.545,0.316,-0.0682,0.932,12706.44,0.3211,0
syn_01097,65648.98,11689.91,0.1781,48114.12,12,47,24.8,17.9,445,0.986,0.0183,4.82,0.463,0.211,-0.0196,0.98,38574.75,0.1543,0
syn_01098,18631.63,11441.47,0.6141,7452.65,12,13,13.6,6.4,87,0.6946,0.2431,4.28,0.376,0.333,-0.2626,0.737,9384.89,0.4582,1
syn_01099,72986.43,13695.75,0.1876,52442.81,12,33,24.5,19.2,471,0.9859,0.0413,4.78,0.452,0.426,0.0859,1.086,31061.41,0.054,0
syn_01100,77797.06,10524.21,0.1353,62010.74,12,32,25.0,18.2,455,0.9524,0.0184,4.75,0.448,0.402,0.072,1.072,45023.27,0.1451,0
syn_01101,49758.65,10535.59,0.2117,33955.26,12,44,25.9,18.9,490,0.9457,0.0491,4.79,0.352,0.41,-0.0402,0.96,21359.44,0.1318,0
syn_01102,37323.82,15410.7,0.4129,14929.53,12,18,22.2,12.9,285,0.8572,0.1156,4.64,0.471,0.266,-0.0593,0.941,19356.05,0.1565,1
syn_01103,29353.5,8620.05,0.2937,16423.43,12,16,22.2,13.5,300,0.8523,0.1444,4.52,0.619,0.411,0.0711,1.071,17558.71,0.1865,1
syn_01104,52741.69,4570.42,0.0867,45886.06,12,30,26.5,13.6,359,0.9714,0.037,4.8,0.485,0.237,0.0579,1.058,27017.06,0.0881,0
syn_01105,42771.0,13510.09,0.3159,22505.86,10,10,19.2,14.1,270,0.8909,0.063,4.57,0.59,0.373,0.0503,1.05,20998.39,0.0961,0
syn_01106,36048.37,11332.95,0.3144,19048.94,12,18,21.0,14.3,299,0.8472,0.0908,4.73,0.629,0.386,-0.0169,0.983,16844.0,0.1407,0
syn_01107,64825.24,13256.8,0.2045,44940.04,12,44,24.3,13.6,329,0.9533,0.0235,4.91,0.584,0.327,0.1414,1.141,27396.0,0.1422,0
syn_01108,33061.69,12626.78,0.3819,14121.51,12,19,22.7,11.8,267,0.8901,0.1263,4.67,0.638,0.368,-0.0242,0.976,16868.56,0.281,1
syn_01109,28615.06,11642.75,0.4069,11446.02,10,10,17.0,13.9,236,0.9023,0.1238,4.53,0.657,0.417,0.0035,1.004,14733.71,0.3262,1
syn_01110,24765.49,11017.05,0.4449,9906.2,9,9,14.3,8.9,127,0.8032,0.3145,4.49,0.543,0.295,-0.0893,0.911,14543.67,0.3571,1
syn_01111,58502.46,8511.44,0.1455,45735.29,12,38,26.8,21.2,567,0.9778,0.0325,4.84,0.441,0.337,-0.002,0.998,33802.18,0.1086,0
syn_01112,78426.91,9297.71,0.1186,64480.34,12,19,22.1,13.7,302,0.9606,0.0169,4.76,0.467,0.24,0.0259,1.026,45301.9,0.1097,0
syn_01113,49488.59,7560.72,0.1528,38147.52,12,20,23.7,13.9,328,0.9497,0.0558,4.92,0.373,0.372,0.1131,1.113,20066.36,0.2192,0
syn_01114,24407.83,13141.9,0.5384,9763.13,8,8,12.5,7.5,92,0.7358,0.217,4.41,0.437,0.277,-0.0877,0.912,13533.17,0.3652,1
syn_01115,29059.33,8564.47,0.2947,16212.63,12,12,21.1,11.0,230,0.883,0.1194,4.68,0.305,0.279,0.0563,1.056,16468.32,0.227,1
syn_01116,42634.8,16301.93,0.3824,18181.9,12,18,21.5,13.1,281,0.864,0.1485,4.64,0.371,0.221,-0.1034,0.897,19666.9,0.135,1
syn_01117,18592.93,9310.07,0.5007,7437.17,12,13,14.3,7.0,99,0.7991,0.1626,4.12,0.396,0.344,-0.2875,0.713,10735.83,0.319,1
syn_01118,43156.27,15283.25,0.3541,20231.38,12,20,19.1,14.3,274,0.8823,0.1491,4.7,0.52,0.397,-0.1398,0.86,20957.76,0.1373,1
syn_01119,49725.33,7969.18,0.1603,37771.57,12,23,26.8,15.9,427,0.963,0.0126,4.77,0.495,0.383,0.0904,1.09,23158.74,0.1269,0
syn_01120,32563.35,8417.85,0.2585,19936.57,12,20,20.1,13.4,270,0.8519,0.0694,4.68,0.537,0.29,-0.0811,0.919,18575.93,0.1535,1
syn_01121,57296.1,9875.48,0.1724,42482.89,12,20,22.7,18.0,409,0.9284,0.0206,4.79,0.422,0.302,-0.0366,0.963,29067.42,0.1578,0
syn_01122,78061.88,12239.75,0.1568,59702.25,12,20,27.5,18.9,520,0.956,0.0145,4.9,0.574,0.368,-0.0189,0.981,37015.18,0.0862,0
syn_01123,49373.19,8923.06,0.1807,35988.61,12,28,28.7,15.4,440,0.9261,0.0338,4.95,0.48,0.293,0.0604,1.06,20003.33,0.0693,0
syn_01124,69103.35,6101.47,0.0883,59951.15,12,43,28.7,14.3,411,0.9722,0.0418,4.79,0.502,0.382,-0.0159,0.984,35661.54,0.1568,0
syn_01125,59628.27,11941.81,0.2003,41715.56,12,26,25.3,14.9,377,0.9854,0.0498,4.76,0.396,0.264,0.1498,1.15,33865.68,0.1552,0
syn_01126,53498.12,5060.6,0.0946,45907.21,12,35,26.8,20.0,535,0.9551,0.0282,4.85,0.454,0.336,0.0277,1.028,23880.6,0.2176,0
syn_01127,44202.53,16510.58,0.3735,19436.66,12,15,19.5,14.1,275,0.8951,0.1301,4.74,0.502,0.239,-0.0887,0.911,18662.73,0.1268,1
syn_01128,68167.64,8879.73,0.1303,54848.04,12,18,22.7,15.9,361,0.9318,0.0571,4.82,0.554,0.437,0.0168,1.017,32069.39,0.1549,0
syn_01129,74590.6,12117.7,0.1625,56414.04,12,47,26.6,18.8,501,0.9241,0.0209,4.97,0.593,0.241,0.0569,1.057,33386.18,0.0859,0
syn_01130,20950.74,8730.5,0.4167,8380.3,5,5,13.8,7.3,100,0.71,0.3137,4.1,0.322,0.213,-0.1106,0.889,8438.55,0.3512,1
syn_01131,19496.57,11264.54,0.5778,7798.63,12,12,12.9,10.8,139,0.8115,0.3466,4.46,0.575,0.255,-0.0771,0.923,8457.59,0.2865,1
syn_01132,59971.38,7945.77,0.1325,48052.73,12,35,22.9,21.5,492,0.9725,0.0101,4.93,0.481,0.394,0.098,1.098,31549.69,0.0515,0
syn_01133,79245.3,9024.9,0.1139,65707.95,12,22,27.0,14.3,386,0.943,0.0321,4.79,0.374,0.256,0.04,1.04,38687.45,0.0557,0
syn_01134,37987.91,9331.01,0.2456,23991.4,12,15,21.6,12.7,274,0.8335,0.0937,4.7,0.507,0.411,-0.0193,0.981,19960.54,0.1225,1
syn_01135,76971.23,12366.66,0.1607,58421.24,12,31,26.0,15.4,398,0.9625,0.0388,4.84,0.422,0.393,0.1481,1.148,34643.42,0.1421,0
syn_01136,52733.16,7971.6,0.1512,40775.76,12,44,26.5,17.7,468,0.9822,0.0595,4.78,0.593,0.301,-0.024,0.976,24455.77,0.0791,0
syn_01137,38964.32,12776.43,0.3279,19799.68,12,20,16.6,11.5,190,0.8746,0.1016,4.73,0.437,0.218,0.0585,1.059,20453.94,0.2292,1
syn_01138,78575.39,9733.72,0.1239,63974.81,12,31,28.3,15.1,426,0.9334,0.0359,4.9,0.585,0.328,-0.0411,0.959,39984.13,0.0635,0
syn_01139,57372.98,10462.44,0.1824,41679.32,12,44,27.5,21.7,595,0.9549,0.0408,4.83,0.698,0.228,0.0856,1.086,29401.9,0.125,0
syn_01140,46686.6,17556.06,0.376,20352.51,12,18,20.5,9.7,198,0.8574,0.0725,4.72,0.36,0.282,0.0224,1.022,21921.63,0.183,1
syn_01141,53127.32,9472.38,0.1783,38918.75,12,39,26.8,17.1,459,0.9295,0.0257,4.82,0.567,0.387,0.0901,1.09,23067.15,0.0757,0
syn_01142,55567.49,7291.68,0.1312,44629.97,12,22,27.6,19.6,541,0.9848,0.0129,4.75,0.341,0.361,0.0898,1.09,29627.71,0.0992,0
syn_01143,74688.22,7764.26,0.104,63041.83,12,36,28.5,17.8,506,0.9846,0.0204,4.89,0.388,0.352,0.0308,1.031,35762.08,0.1335,0
syn_01144,37732.2,15542.3,0.4119,15092.88,12,15,21.1,9.7,204,0.8412,0.1478,4.68,0.418,0.338,0.0605,1.06,17040.87,0.1543,1
syn_01145,44543.57,17219.38,0.3866,18714.51,12,15,22.0,13.8,303,0.8688,0.0943,4.71,0.404,0.439,-0.0373,0.963,22206.37,0.123,1
syn_01146,40474.44,15697.39,0.3878,16928.36,12,20,21.3,12.6,268,0.9161,0.0772,4.74,0.544,0.449,-0.0577,0.942,23291.1,0.1772,1
syn_01147,19529.04,13615.75,0.6972,7811.62,12,13,12.6,10.1,127,0.6868,0.2462,4.51,0.337,0.228,-0.0659,0.934,8601.32,0.4055,1
syn_01148,52534.89,7642.91,0.1455,41070.53,12,39,24.5,18.0,439,0.9695,0.0442,4.87,0.404,0.386,0.0429,1.043,22464.86,0.1253,0
syn_01149,58492.44,10427.58,0.1783,42851.07,12,43,22.3,16.5,367,0.944,0.0508,4.97,0.307,0.263,0.0422,1.042,26910.09,0.1782,0
syn_01150,25385.06,17621.53,0.6942,10154.02,12,13,15.5,5.1,78,0.6989,0.1464,4.14,0.546,0.432,-0.2843,0.716,10928.1,0.2765,1
syn_01151,62530.09,7429.29,0.1188,51386.15,12,44,28.4,16.5,468,0.9552,0.0264,4.9,0.521,0.274,0.149,1.149,26264.54,0.0516,0
syn_01152,54957.34,6117.55,0.1113,45781.01,12,41,23.9,18.3,437,0.9662,0.0109,4.81,0.55,0.285,0.0362,1.036,23256.07,0.109,0
syn_01153,39896.61,15036.72,0.3769,17341.52,12,21,21.2,12.4,264,0.8512,0.1271,4.55,0.597,0.422,0.0293,1.029,17377.81,0.2213,1
syn_01154,46697.93,19511.35,0.4178,18679.17,10,10,19.0,12.6,239,0.8977,0.1263,4.74,0.65,0.444,-0.1236,0.876,21556.4,0.1603,1
syn_01155,61673.01,8580.19,0.1391,48802.73,12,42,23.8,20.4,484,0.989,0.0228,4.76,0.334,0.265,0.1131,1.113,25166.31,0.1392,0
syn_01156,51396.63,10975.59,0.2135,34933.25,12,24,23.9,17.0,407,0.9829,0.0439,4.89,0.656,0.334,0.0911,1.091,21816.13,0.2035,0
syn_01157,65327.13,13513.52,0.2069,45056.85,12,44,22.3,16.6,369,0.9863,0.0225,4.97,0.552,0.446,0.1408,1.141,31831.72,0.1675,0
syn_01158,29147.77,7222.59,0.2478,18313.89,12,23,19.2,11.3,216,0.8983,0.0745,4.74,0.323,0.237,-0.0775,0.922,15887.02,0.2255,1
syn_01159,32710.29,12384.0,0.3786,14134.29,10,10,16.7,11.6,193,0.8223,0.0912,4.67,0.463,0.357,-0.1293,0.871,13676.18,0.2852,1
syn_01160,70931.4,9151.75,0.129,57203.77,12,43,27.1,21.5,582,0.9265,0.0253,4.86,0.558,0.344,0.0496,1.05,38294.06,0.1111,0
syn_01161,59399.26,8835.37,0.1487,46146.21,12,32,28.5,17.3,492,0.921,0.0319,4.94,0.558,0.374,0.106,1.106,32672.34,0.1283,0
syn_01162,74014.5,11049.66,0.1493,57440.0,12,28,29.0,17.1,495,0.9248,0.0441,4.76,0.311,0.354,0.0001,1.0,33462.2,0.0835,0
syn_01163,63985.99,11469.91,0.1793,46781.13,12,45,23.5,19.8,467,0.9705,0.0552,4.76,0.694,0.214,0.0395,1.04,37173.77,0.1424,0
syn_01164,38010.79,15742.91,0.4142,15204.32,12,17,16.9,14.4,243,0.8891,0.0833,4.73,0.555,0.235,-0.0513,0.949,19850.48,0.2338,1
syn_01165,36238.45,9206.71,0.2541,22428.39,11,11,16.2,10.3,165,0.8736,0.1033,4.63,0.585,0.269,-0.093,0.907,16638.79,0.2238,1
syn_01166,74317.58,7227.15,0.0972,63476.85,12,43,24.6,19.0,466,0.9656,0.053,4.78,0.659,0.332,0.036,1.036,38799.79,0.0521,1
syn_01167,32549.16,8849.34,0.2719,19275.16,8,8,18.7,13.8,258,0.8587,0.0784,4.52,0.357,0.389,-0.1317,0.868,16633.9,0.263,1
syn_01168,29548.45,6572.15,0.2224,19690.22,12,14,18.0,9.1,163,0.843,0.0978,4.53,0.438,0.369,-0.126,0.874,14269.12,0.3174,1
syn_01169,52146.74,4186.93,0.0803,45866.35,12,36,28.5,18.0,513,0.9849,0.0267,4.83,0.504,0.326,0.0301,1.03,25387.03,0.1794,0
syn_01170,61061.27,8379.66,0.1372,48491.78,12,24,24.2,14.3,347,0.9203,0.0585,4.97,0.347,0.429,0.0467,1.047,28409.92,0.1958,0
syn_01171,45965.39,14230.35,0.3096,24619.86,12,21,16.3,10.1,165,0.8267,0.077,4.6,0.558,0.434,-0.1228,0.877,23480.76,0.1088,1
syn_01172,75289.8,11360.89,0.1509,58248.45,12,20,27.4,14.9,408,0.978,0.0562,4.9,0.315,0.4,-0.0288,0.971,33240.63,0.1469,0
syn_01173,66468.31,7783.26,0.1171,54793.42,12,24,26.6,18.5,491,0.9276,0.0428,4.96,0.312,0.445,-0.0178,0.982,35336.35,0.126,0
syn_01174,35674.31,11696.71,0.3279,18129.24,12,16,18.7,11.2,208,0.8664,0.0848,4.55,0.399,0.445,-0.022,0.978,20314.18,0.2539,1
syn_01175,46584.98,14397.36,0.3091,24988.94,12,17,22.9,10.8,246,0.844,0.1174,4.59,0.376,0.272,-0.0059,0.994,22193.85,0.1251,1
syn_01176,26997.35,14775.42,0.5473,10798.94,4,4,14.7,5.7,83,0.6957,0.3413,4.21,0.557,0.314,-0.261,0.739,15501.48,0.2033,1
syn_01177,44042.33,16595.98,0.3768,19148.35,9,9,16.2,11.3,182,0.8269,0.1313,4.68,0.321,0.379,0.0575,1.057,22406.13,0.123,1
syn_01178,56696.98,11705.94,0.2065,39138.07,12,42,29.0,21.3,616,0.9745,0.0506,4.88,0.517,0.268,-0.012,0.988,25936.0,0.1604,0
syn_01179,31544.28,8996.42,0.2852,18049.66,12,23,19.8,10.0,198,0.8222,0.0903,4.72,0.598,0.361,-0.14,0.86,14117.95,0.2084,1
syn_01180,52145.72,10534.67,0.202,36343.72,12,33,24.5,18.6,456,0.9311,0.0203,4.98,0.501,0.324,0.1006,1.101,28201.96,0.2236,0
syn_01181,59576.88,6320.58,0.1061,50096.01,12,39,24.3,18.1,439,0.9709,0.0341,4.87,0.698,0.414,-0.0222,0.978,24680.03,0.1885,0
syn_01182,67605.16,12988.58,0.1921,48122.28,12,46,24.9,15.9,394,0.9524,0.0173,4.83,0.461,0.449,0.1215,1.122,38523.07,0.0494,0
syn_01183,77281.78,15725.84,0.2035,53693.02,12,22,22.2,19.8,439,0.9659,0.0484,4.86,0.524,0.211,0.1483,1.148,42746.54,0.0439,0
syn_01184,78895.71,12930.03,0.1639,59500.67,12,30,26.4,19.4,513,0.9739,0.0418,4.8,0.621,0.407,0.1248,1.125,35631.35,0.1215,0
syn_01185,21470.46,12147.59,0.5658,8588.18,4,4,11.6,10.0,116,0.7796,0.2914,4.52,0.538,0.406,-0.2722,0.728,10514.49,0.3809,1
syn_01186,58801.56,7845.04,0.1334,47034.01,12,24,28.8,13.1,375,0.989,0.059,4.98,0.39,0.436,0.0453,1.045,30628.57,0.1985,1
syn_01187,50419.25,6055.13,0.1201,41336.56,12,34,22.6,20.7,468,0.9614,0.0551,4.91,0.558,0.4,0.1442,1.144,23810.89,0.1505,0
syn_01188,41003.27,10657.96,0.2599,25016.32,11,11,20.1,13.1,262,0.9197,0.0627,4.52,0.595,0.424,-0.1323,0.868,17864.4,0.1558,1
syn_01189,49860.9,9937.21,0.1993,34955.09,12,20,27.1,19.3,522,0.9438,0.029,4.97,0.514,0.394,-0.0372,0.963,26828.82,0.1998,0
syn_01190,42682.31,14419.28,0.3378,21053.39,12,12,16.1,14.4,231,0.8746,0.1382,4.72,0.658,0.397,-0.0477,0.952,22060.31,0.1651,1
syn_01191,79869.01,13048.77,0.1634,60295.86,12,36,27.5,19.9,547,0.9445,0.0286,4.92,0.417,0.327,0.05,1.05,36533.59,0.1019,0
syn_01192,49710.9,7524.49,0.1514,38424.16,12,35,24.6,17.8,437,0.9496,0.0242,4.96,0.651,0.231,-0.013,0.987,20633.56,0.1837,0
syn_01193,48259.8,6855.6,0.1421,37976.41,12,31,24.6,19.0,467,0.9857,0.0143,4.83,0.654,0.328,0.0388,1.039,21477.45,0.1471,0
syn_01194,32412.92,8655.35,0.267,19429.89,10,10,19.0,14.6,277,0.8722,0.0773,4.57,0.526,0.26,-0.0617,0.938,16595.2,0.2388,1
syn_01195,56040.29,5201.82,0.0928,48237.56,12,18,24.4,20.0,486,0.9701,0.0405,4.95,0.69,0.235,0.0064,1.006,29149.48,0.1957,0
syn_01196,50389.74,5105.31,0.1013,42731.78,12,27,22.3,15.6,348,0.9807,0.027,4.78,0.689,0.245,0.0791,1.079,27892.5,0.2375,0
syn_01197,77835.26,16922.39,0.2174,52451.67,12,25,27.7,15.8,438,0.9482,0.0221,4.95,0.454,0.289,0.1329,1.133,36480.87,0.087,0
syn_01198,76458.8,16494.07,0.2157,51717.7,12,42,27.0,17.9,484,0.9388,0.06,4.89,0.388,0.366,0.0862,1.086,32949.89,0.1196,1
syn_01199,20375.39,10100.03,0.4957,8150.15,10,10,14.9,9.4,140,0.7532,0.2012,4.49,0.505,0.32,-0.1844,0.816,11351.91,0.4148,1
syn_01200,32381.34,13121.78,0.4052,12952.53,12,12,20.0,9.6,192,0.8393,0.1499,4.55,0.539,0.203,-0.0096,0.99,13693.43,0.2014,1
syn_01201,27110.51,14600.97,0.5386,10844.2,7,7,14.6,5.4,78,0.7767,0.211,4.25,0.59,0.221,-0.3144,0.686,15259.1,0.1931,1
syn_01202,47559.16,18512.0,0.3892,19791.16,12,15,19.2,13.7,261,0.8393,0.1106,4.52,0.6,0.329,-0.0699,0.93,21697.35,0.1126,1
syn_01203,74663.34,15417.56,0.2065,51537.0,12,40,26.0,19.8,514,0.9726,0.0178,4.79,0.323,0.337,-0.0358,0.964,37727.26,0.0787,0
syn_01204,35172.22,14043.32,0.3993,14107.25,12,23,18.7,13.1,245,0.8798,0.0648,4.52,0.542,0.272,-0.1452,0.855,15857.04,0.177,1
syn_01205,43508.29,14138.75,0.325,22300.17,12,20,18.0,13.9,249,0.8386,0.0861,4.55,0.503,0.302,0.0051,1.005,20427.06,0.1866,0
syn_01206,30650.98,9229.16,0.3011,16807.23,11,11,17.6,10.5,184,0.9093,0.1078,4.62,0.534,0.237,0.0086,1.009,17702.79,0.3168,1
syn_01207,70117.67,7990.96,0.114,58131.23,12,32,25.7,19.2,493,0.9514,0.0532,4.95,0.35,0.243,0.0441,1.044,41010.63,0.1677,0
syn_01208,23760.68,14079.39,0.5925,9504.27,12,12,13.8,6.2,85,0.7228,0.2861,4.33,0.547,0.431,-0.3444,0.656,10241.73,0.39,1
syn_01209,62599.78,8603.01,0.1374,49695.27,12,33,27.8,16.4,457,0.9245,0.0133,4.76,0.54,0.371,0.0318,1.032,35009.27,0.1512,0
syn_01210,67812.85,14708.51,0.2169,45750.08,12,28,25.0,16.5,412,0.9525,0.0138,4.88,0.461,0.226,0.0157,1.016,34364.07,0.0604,1
syn_01211,77319.96,8433.63,0.1091,64669.51,12,42,25.8,15.5,399,0.9546,0.0318,4.81,0.487,0.324,0.0901,1.09,45571.26,0.0535,0
syn_01212,63990.1,9853.97,0.154,49209.14,12,29,26.8,19.4,520,0.9464,0.0307,4.84,0.659,0.377,0.0573,1.057,27008.99,0.1106,0
syn_01213,27526.15,11853.16,0.4306,11010.46,9,9,9.4,8.5,79,0.8172,0.2277,4.19,0.449,0.299,-0.1935,0.806,14780.56,0.2813,1
syn_01214,59690.86,12127.68,0.2032,41499.34,12,40,28.5,13.2,376,0.9892,0.0455,4.87,0.337,0.355,0.0279,1.028,31939.09,0.1284,0
syn_01215,65686.58,10574.4,0.161,49824.98,12,18,25.0,13.7,341,0.9825,0.0406,4.78,0.381,0.416,0.0522,1.052,38618.43,0.1138,0
syn_01216,50295.93,7447.28,0.1481,39125.02,12,46,26.2,15.2,398,0.974,0.0413,4.75,0.659,0.273,0.0717,1.072,28205.67,0.1476,0
syn_01217,72815.86,15309.27,0.2102,49851.95,12,27,24.5,20.3,496,0.9549,0.0298,4.97,0.571,0.407,0.0521,1.052,33896.74,0.099,0
syn_01218,79084.68,9855.42,0.1246,64301.55,12,34,23.1,17.6,406,0.9471,0.018,4.95,0.58,0.211,0.1481,1.148,35197.8,0.1026,0
syn_01219,48316.15,5935.13,0.1228,39413.45,12,20,24.7,15.2,375,0.9245,0.0365,4.81,0.698,0.393,0.1092,1.109,20848.16,0.0636,0
syn_01220,38915.55,13650.93,0.3508,18439.15,12,13,20.3,13.2,269,0.8282,0.092,4.61,0.497,0.216,-0.0901,0.91,22268.04,0.1294,1
syn_01221,24501.07,10665.69,0.4353,9800.43,11,11,13.8,8.2,113,0.817,0.297,4.34,0.598,0.268,-0.0948,0.905,14626.08,0.2153,1
syn_01222,34329.49,9043.38,0.2634,20764.42,12,22,16.7,9.8,163,0.8262,0.0679,4.61,0.512,0.226,-0.0762,0.924,14622.7,0.24,1
syn_01223,29713.01,11543.3,0.3885,12398.05,12,13,18.4,10.3,189,0.9071,0.1412,4.58,0.405,0.427,-0.0684,0.932,13469.25,0.2517,0
syn_01224,24804.62,11321.03,0.4564,9921.85,5,5,14.9,9.8,145,0.692,0.2903,4.44,0.691,0.406,-0.2424,0.758,14426.55,0.2152,1
syn_01225,56944.89,5855.6,0.1028,48161.49,12,34,25.4,17.2,435,0.9565,0.0576,4.89,0.501,0.331,0.0712,1.071,22817.95,0.0729,0
syn_01226,76895.26,7913.97,0.1029,65024.3,12,38,22.6,19.6,444,0.9391,0.0412,4.91,0.605,0.417,0.0144,1.014,37678.84,0.1344,0
syn_01227,50880.25,7219.48,0.1419,40051.03,12,25,28.2,17.2,485,0.9795,0.0264,4.83,0.497,0.425,0.1291,1.129,22491.46,0.1343,0
syn_01228,18948.08,9888.29,0.5219,7579.23,3,3,10.4,9.4,97,0.6814,0.2128,4.38,0.584,0.258,-0.2054,0.795,7726.24,0.4324,1
syn_01229,52349.04,6531.53,0.1248,42551.74,12,18,24.4,21.1,514,0.9719,0.0586,4.89,0.454,0.237,-0.0017,0.998,28060.8,0.1136,0
syn_01230,51439.08,9771.49,0.19,36781.85,12,24,22.8,19.5,444,0.947,0.0137,4.94,0.381,0.388,0.0659,1.066,21659.13,0.0996,0
syn_01231,29240.5,11451.04,0.3916,12063.94,12,12,18.2,10.2,185,0.8716,0.1419,4.51,0.568,0.309,0.0261,1.026,15056.23,0.2543,1
syn_01232,43460.64,17557.18,0.404,17384.26,12,19,19.0,10.8,204,0.884,0.0974,4.65,0.62,0.323,-0.0534,0.947,21996.07,0.1132,1
syn_01233,73161.41,10081.66,0.1378,58038.91,12,30,26.9,17.6,472,0.9369,0.0498,4.77,0.598,0.382,0.055,1.055,42915.52,0.0667,0
syn_01234,66462.25,9239.49,0.139,52603.01,12,36,26.2,21.5,563,0.9335,0.0553,4.76,0.653,0.407,0.0117,1.012,31551.42,0.0842,0
syn_01235,46659.12,18017.39,0.3861,19633.04,12,15,19.5,13.2,257,0.8767,0.1129,4.58,0.522,0.352,-0.0437,0.956,24660.76,0.0958,0
syn_01236,50261.08,6024.09,0.1199,41224.94,12,38,26.7,15.8,421,0.9235,0.0516,4.82,0.61,0.28,-0.0374,0.963,27625.91,0.0731,0
syn_01237,37857.58,13538.15,0.3576,17550.35,10,10,20.6,12.6,259,0.9125,0.0806,4.62,0.376,0.315,0.0533,1.053,22291.39,0.118,1
syn_01238,34013.82,11656.94,0.3427,16528.41,11,11,22.6,13.0,295,0.8983,0.093,4.57,0.696,0.218,-0.0455,0.954,17304.2,0.26,1
syn_01239,60299.83,5930.24,0.0983,51404.47,12,22,28.1,13.2,371,0.9421,0.0192,4.96,0.389,0.377,0.0839,1.084,24453.65,0.1859,0
syn_01240,67460.57,11460.74,0.1699,50269.46,12,19,26.7,16.3,435,0.9764,0.0367,4.77,0.495,0.237,0.1094,1.109,39666.33,0.1716,0
syn_01241,25179.11,14974.48,0.5947,10071.64,6,6,13.8,6.2,84,0.6875,0.1499,4.2,0.691,0.26,-0.2464,0.754,13262.38,0.3442,1
syn_01242,25624.83,15080.4,0.5885,10249.93,9,9,12.4,6.4,78,0.6619,0.2525,4.52,0.413,0.204,-0.1286,0.871,11135.5,0.2395,1
syn_01243,74770.02,9071.79,0.1213,61162.33,12,44,24.0,20.1,483,0.9856,0.049,4.89,0.453,0.406,-0.0015,0.999,41370.07,0.1034,0
syn_01244,67695.63,6081.79,0.0898,58572.94,12,31,28.6,18.2,520,0.9555,0.052,4.95,0.539,0.289,0.0545,1.054,39740.88,0.1676,0
syn_01245,60951.21,11895.88,0.1952,43107.39,12,27,26.2,22.0,574,0.9751,0.0237,4.81,0.391,0.255,0.0172,1.017,36238.08,0.1737,0
syn_01246,18329.7,9431.79,0.5146,7331.88,12,12,15.7,9.6,150,0.7884,0.2489,4.48,0.642,0.22,-0.2522,0.748,8399.65,0.2882,1
syn_01247,41097.11,9371.2,0.228,27040.31,12,12,20.3,13.3,269,0.8569,0.0794,4.63,0.694,0.352,0.0416,1.042,22583.12,0.1446,1
syn_01248,76757.53,8762.25,0.1142,63614.16,12,29,24.0,14.1,338,0.9731,0.0398,4.89,0.621,0.287,-0.0063,0.994,34303.58,0.1154,0
syn_01249,39023.29,16151.95,0.4139,15609.32,8,8,22.9,10.7,244,0.8641,0.0657,4.72,0.44,0.268,-0.0192,0.981,22533.84,0.1617,1
syn_01250,45133.88,14085.21,0.3121,24006.06,12,22,21.8,11.5,251,0.8452,0.1485,4.58,0.674,0.328,-0.0755,0.924,25871.39,0.2202,1
syn_01251,51570.21,7130.42,0.1383,40874.58,12,29,27.5,16.9,466,0.9502,0.0378,4.88,0.444,0.356,0.1213,1.121,22467.37,0.112,0
syn_01252,66397.2,13863.88,0.2088,45601.38,12,45,22.3,16.1,359,0.9216,0.0236,4.95,0.636,0.356,-0.0427,0.957,38277.1,0.1043,0
syn_01253,46887.95,16966.52,0.3619,21438.17,12,13,19.0,11.6,219,0.9119,0.1119,4.68,0.383,0.398,-0.0541,0.946,21347.53,0.1139,1
syn_01254,19178.66,9779.62,0.5099,7671.47,12,12,15.5,8.6,132,0.7431,0.3346,4.33,0.665,0.302,-0.1955,0.804,11240.93,0.2456,1
syn_01255,67495.88,11159.11,0.1653,50757.22,12,43,24.1,20.5,493,0.9316,0.0127,4.79,0.359,0.327,0.0035,1.004,31446.15,0.0821,0
syn_01256,27593.79,16229.38,0.5882,11037.52,12,12,14.4,8.8,126,0.7559,0.1709,4.33,0.444,0.216,-0.2342,0.766,13666.65,0.2433,1
syn_01257,18360.82,12213.87,0.6652,7344.33,4,4,12.9,5.8,74,0.7153,0.1643,4.18,0.438,0.411,-0.3344,0.666,8054.39,0.3644,1
syn_01258,63478.08,12517.92,0.1972,44701.2,12,43,24.2,16.0,388,0.9726,0.0492,4.8,0.589,0.44,0.1446,1.145,37217.16,0.0592,0
syn_01259,67292.68,8112.63,0.1206,55123.73,12,18,25.0,17.4,435,0.9245,0.0343,4.85,0.563,0.449,0.0925,1.093,37882.88,0.1309,0
syn_01260,36198.56,10226.67,0.2825,20858.55,12,17,22.4,14.8,331,0.8697,0.0861,4.69,0.691,0.446,-0.1195,0.88,15790.19,0.2374,1
syn_01261,18198.96,10305.04,0.5662,7279.59,8,8,12.4,6.2,77,0.722,0.2794,4.13,0.309,0.347,-0.25,0.75,8191.37,0.2522,0
syn_01262,28685.7,11511.09,0.4013,11474.28,12,20,22.4,12.4,277,0.8682,0.064,4.64,0.341,0.233,-0.0558,0.944,14894.28,0.3011,1
syn_01263,65322.52,12486.76,0.1912,46592.39,12,19,26.3,18.2,477,0.9676,0.027,4.83,0.544,0.396,0.0129,1.013,37081.76,0.144,0
syn_01264,42367.85,16304.03,0.3848,17911.8,12,15,17.6,11.0,193,0.8424,0.1007,4.72,0.514,0.415,-0.0706,0.929,18130.33,0.1474,1
syn_01265,50740.63,5328.19,0.105,42748.34,12,38,24.8,17.5,433,0.9876,0.0585,4.95,0.358,0.407,0.0131,1.013,23448.86,0.2301,1
syn_01266,38013.33,15244.43,0.401,15205.33,12,13,20.4,11.4,232,0.832,0.0864,4.74,0.542,0.373,-0.0494,0.951,19017.33,0.1797,0
syn_01267,77791.13,16560.01,0.2129,52951.12,12,18,28.6,21.5,615,0.9771,0.0442,4.94,0.337,0.284,0.0701,1.07,40588.02,0.0541,0
syn_01268,51811.02,5546.01,0.107,43492.0,12,19,27.9,13.6,378,0.9409,0.0105,4.91,0.588,0.403,0.0741,1.074,27207.18,0.1699,0
syn_01269,55958.9,5793.7,0.1035,47268.35,12,32,27.1,17.8,484,0.9351,0.0255,4.97,0.46,0.348,0.1197,1.12,28426.99,0.1951,0
syn_01270,52835.21,6942.44,0.1314,42421.54,12,43,22.9,16.6,380,0.9228,0.0236,4.84,0.504,0.279,0.0456,1.046,28795.28,0.1494,0
syn_01271,34645.39,14186.17,0.4095,13858.16,12,16,21.9,14.9,326,0.8892,0.094,4.57,0.663,0.389,0.0026,1.003,16444.68,0.2853,1
syn_01272,20830.7,11455.67,0.5499,8332.28,11,11,16.2,8.3,134,0.6934,0.2315,4.32,0.622,0.317,-0.321,0.679,12042.84,0.3946,1
syn_01273,47152.73,12349.0,0.2619,28629.22,12,13,16.3,14.2,231,0.8952,0.0809,4.75,0.513,0.313,-0.0345,0.966,23528.94,0.2059,1
syn_01274,54819.93,11042.98,0.2014,38255.46,12,25,26.2,19.9,520,0.987,0.0422,4.98,0.658,0.34,0.0124,1.012,28470.07,0.0853,0
syn_01275,64186.62,6591.87,0.1027,54298.82,12,40,26.0,21.2,552,0.979,0.0393,4.84,0.629,0.36,-0.0326,0.967,28857.29,0.1126,0
syn_01276,51303.03,8530.75,0.1663,38506.91,12,22,22.8,20.6,469,0.9895,0.0283,4.85,0.368,0.389,0.0923,1.092,21607.87,0.2229,0
syn_01277,38041.29,14309.72,0.3762,16576.71,10,10,17.5,14.2,249,0.8253,0.1304,4.65,0.541,0.331,-0.0775,0.922,16872.33,0.2189,1
syn_01278,18667.45,10309.08,0.5522,7466.98,3,3,10.4,10.4,108,0.7601,0.2404,4.44,0.356,0.372,-0.2147,0.785,11190.2,0.3907,1
syn_01279,62970.63,6885.72,0.1093,52642.05,12,27,28.5,13.5,384,0.9806,0.0356,4.89,0.581,0.252,0.0105,1.011,34232.71,0.1858,0
syn_01280,59008.44,11002.94,0.1865,42504.02,12,28,26.1,13.3,348,0.9814,0.0248,4.98,0.513,0.256,0.1408,1.141,25832.39,0.1943,0
syn_01281,49306.67,10636.64,0.2157,33351.71,12,36,28.4,16.4,467,0.9561,0.0333,4.95,0.336,0.42,0.0877,1.088,25177.55,0.1116,0
syn_01282,21642.7,12793.39,0.5911,8657.08,12,12,13.5,5.4,73,0.7513,0.1429,4.24,0.426,0.357,-0.0703,0.93,8917.54,0.2782,1
syn_01283,45642.31,10408.64,0.228,30029.35,12,16,22.5,10.2,228,0.9084,0.0961,4.71,0.342,0.256,0.0045,1.004,19005.03,0.1108,0
syn_01284,52719.49,8259.75,0.1567,40329.86,12,42,27.0,20.7,559,0.9855,0.0492,4.9,0.595,0.204,0.0367,1.037,24148.3,0.076,0
syn_01285,70069.57,12665.89,0.1808,51070.74,12,36,25.9,15.0,388,0.986,0.0448,4.8,0.414,0.357,0.0145,1.014,29604.6,0.1612,0
syn_01286,42345.66,9477.23,0.2238,28129.81,12,18,16.7,11.2,186,0.8355,0.0668,4.66,0.594,0.268,0.0375,1.038,18487.78,0.2011,0
syn_01287,17788.42,8404.23,0.4725,7115.37,5,5,16.8,10.9,183,0.7851,0.2721,4.32,0.36,0.436,-0.0588,0.941,7312.0,0.4485,1
syn_01288,58777.37,10593.69,0.1802,42886.83,12,45,25.4,18.6,473,0.9553,0.0584,4.91,0.341,0.425,0.0003,1.0,31809.96,0.1903,0
syn_01289,77448.4,14930.02,0.1928,55053.37,12,25,23.0,19.9,458,0.9839,0.0139,4.94,0.425,0.314,0.0595,1.059,38834.89,0.1165,0
syn_01290,63396.62,12074.15,0.1905,45285.39,12,41,22.5,14.7,331,0.9586,0.0574,4.77,0.63,0.218,-0.0414,0.959,29908.58,0.0695,0
syn_01291,68055.36,11972.58,0.1759,50096.49,12,27,22.9,21.5,491,0.9439,0.0457,4.87,0.576,0.277,-0.0054,0.995,29696.12,0.156,0
syn_01292,28296.07,7744.68,0.2737,16679.05,11,11,17.3,12.0,208,0.8404,0.1287,4.56,0.648,0.39,0.0126,1.013,11396.24,0.264,0
syn_01293,78613.62,6546.38,0.0833,68794.05,12,40,25.8,15.0,385,0.9591,0.0333,4.88,0.488,0.27,0.0602,1.06,38486.3,0.1481,0
syn_01294,66566.01,11256.38,0.1691,49681.45,12,35,24.5,15.8,387,0.9628,0.0166,4.81,0.398,0.364,-0.0416,0.958,36699.39,0.0549,1
syn_01295,77219.48,14731.92,0.1908,55121.6,12,31,24.1,21.3,514,0.9431,0.0136,4.98,0.488,0.428,0.124,1.124,36040.24,0.0932,0
syn_01296,49840.86,7324.17,0.147,38854.6,12,41,26.5,19.2,507,0.9241,0.0309,4.88,0.365,0.334,-0.0368,0.963,23289.15,0.0846,0
syn_01297,23354.24,9425.03,0.4036,9341.7,3,3,9.1,5.9,53,0.7219,0.3085,4.22,0.639,0.285,-0.1623,0.838,12918.02,0.2807,1
syn_01298,42768.5,17521.27,0.4097,17107.4,11,11,16.1,11.6,187,0.8848,0.1232,4.54,0.613,0.22,0.0736,1.074,24255.38,0.1798,1
syn_01299,67312.18,11858.0,0.1762,49525.18,12,35,24.8,20.0,494,0.9882,0.0236,4.91,0.58,0.449,0.1357,1.136,31217.91,0.1363,0
syn_01300,50494.4,9291.83,0.184,36556.65,12,19,23.0,18.6,427,0.9427,0.0329,4.8,0.35,0.243,0.1232,1.123,20757.61,0.1639,0
syn_01301,15640.62,9465.86,0.6052,6256.25,10,10,12.3,6.8,84,0.6762,0.3164,4.13,0.673,0.278,-0.263,0.737,8881.04,0.3857,1
syn_01302,65974.19,12747.48,0.1932,46852.97,12,32,23.3,20.8,486,0.973,0.0461,4.77,0.385,0.223,-0.0457,0.954,28195.6,0.1265,0
syn_01303,31450.63,7096.46,0.2256,20805.94,12,19,18.9,12.5,235,0.8906,0.1329,4.65,0.571,0.263,-0.1245,0.876,12679.78,0.2574,1
syn_01304,16687.47,6927.45,0.4151,6674.99,7,7,14.2,7.6,108,0.6661,0.2955,4.44,0.422,0.3,-0.1324,0.868,7710.36,0.3303,1
syn_01305,28225.39,8198.61,0.2905,15927.48,12,14,19.5,14.7,286,0.9141,0.0763,4.55,0.337,0.29,-0.1124,0.888,16901.24,0.3094,1
syn_01306,79335.48,7727.49,0.0974,67744.25,12,33,24.6,21.4,526,0.9814,0.0297,4.91,0.499,0.247,-0.0324,0.968,32164.86,0.1186,0
syn_01307,41038.66,9242.59,0.2252,27174.78,12,17,19.8,12.6,249,0.8408,0.0787,4.57,0.458,0.224,0.0137,1.014,17681.4,0.1861,0
syn_01308,57931.63,7310.17,0.1262,46966.38,12,46,23.3,20.3,472,0.9393,0.0265,4.85,0.628,0.4,0.0367,1.037,28922.44,0.1157,0
syn_01309,51848.06,5053.18,0.0975,44268.29,12,41,28.6,20.4,583,0.9587,0.0537,4.98,0.438,0.234,0.0721,1.072,23285.72,0.1643,0
syn_01310,78887.29,14019.4,0.1777,57858.18,12,28,25.7,21.7,558,0.9832,0.0356,4.96,0.5,0.365,0.0309,1.031,43661.3,0.0643,0
syn_01311,29080.79,9495.91,0.3265,14836.92,8,8,17.3,12.8,221,0.8752,0.1127,4.58,0.573,0.434,-0.0028,0.997,11643.53,0.3087,1
syn_01312,52768.27,9664.04,0.1831,38272.22,12,25,24.8,13.6,337,0.9812,0.0379,4.83,0.519,0.393,0.0188,1.019,26853.98,0.1064,0
syn_01313,38574.82,14968.0,0.388,16122.81,12,12,16.5,9.5,156,0.8756,0.1175,4.55,0.526,0.338,0.0214,1.021,16021.75,0.2042,1
syn_01314,48139.86,7356.98,0.1528,37104.39,12,43,23.5,19.7,463,0.923,0.0516,4.94,0.639,0.381,0.1166,1.117,22814.38,0.0908,1
syn_01315,51018.37,7857.43,0.154,39232.22,12,39,24.0,21.8,522,0.98,0.0467,4.96,0.444,0.205,0.0194,1.019,27292.4,0.2177,1
syn_01316,22056.54,13961.31,0.633,8822.62,4,4,10.6,7.9,83,0.7533,0.1736,4.43,0.668,0.42,-0.2602,0.74,10771.14,0.2519,1
syn_01317,58416.58,6861.55,0.1175,48124.25,12,28,25.8,20.2,522,0.9418,0.0195,4.86,0.336,0.417,-0.0362,0.964,28993.8,0.1594,0
syn_01318,71320.37,6745.76,0.0946,61201.73,12,44,27.8,19.1,532,0.9223,0.0167,4.9,0.606,0.344,0.0825,1.083,32518.59,0.1363,0
syn_01319,48582.85,6379.83,0.1313,39013.1,12,45,27.1,16.8,456,0.9217,0.0133,4.9,0.409,0.312,0.143,1.143,24225.76,0.164,0
syn_01320,70967.29,14565.81,0.2052,49118.57,12,20,28.6,18.6,530,0.9237,0.047,4.78,0.595,0.373,0.0839,1.084,32277.84,0.1411,0
syn_01321,53745.4,11108.4,0.2067,37082.81,12,45,24.2,14.2,342,0.9779,0.0101,4.94,0.632,0.243,0.0025,1.002,24814.48,0.204,0
syn_01322,63432.12,6838.77,0.1078,53173.96,12,36,23.0,14.1,324,0.9804,0.0116,4.97,0.541,0.413,-0.0103,0.99,30739.56,0.0629,0
syn_01323,60623.28,6203.5,0.1023,51318.03,12,41,23.2,21.3,494,0.9277,0.0533,4.88,0.348,0.427,-0.0422,0.958,26462.67,0.1184,0
syn_01324,44357.75,14583.19,0.3288,22482.97,12,19,20.7,12.4,256,0.8555,0.1112,4.56,0.641,0.295,-0.0487,0.951,25524.45,0.1282,1
syn_01325,36488.38,8865.63,0.243,23189.94,10,10,17.0,12.7,215,0.8807,0.0792,4.62,0.544,0.318,0.0486,1.049,21752.84,0.1383,0
syn_01326,50899.98,10699.31,0.2102,34851.01,12,35,26.4,14.7,386,0.9594,0.0167,4.75,0.541,0.214,0.0761,1.076,24597.96,0.1736,0
syn_01327,41105.1,16404.84,0.3991,16497.83,12,16,22.0,14.9,326,0.9176,0.1295,4.74,0.459,0.375,0.0495,1.049,24043.32,0.2035,1
syn_01328,26199.22,16604.12,0.6338,10479.69,3,3,11.5,7.1,82,0.6579,0.1433,4.3,0.553,0.247,-0.3213,0.679,11282.6,0.2088,1
syn_01329,38466.55,15483.23,0.4025,15386.62,12,21,21.9,13.4,293,0.8934,0.0695,4.57,0.539,0.259,-0.1346,0.865,21862.01,0.1053,0
syn_01330,79487.15,15787.51,0.1986,55805.89,12,24,22.2,21.5,477,0.9705,0.0141,4.9,0.496,0.202,0.0794,1.079,35634.94,0.0625,0
syn_01331,17065.08,8350.55,0.4893,6826.03,11,11,10.3,9.6,98,0.66,0.3165,4.5,0.522,0.288,-0.147,0.853,9010.05,0.3261,1
syn_01332,21061.33,13230.32,0.6282,8424.53,3,3,9.5,9.2,87,0.7894,0.2788,4.11,0.561,0.274,-0.296,0.704,11652.43,0.2949,0
syn_01333,18699.89,9373.17,0.5012,7479.96,11,11,10.6,10.8,114,0.7379,0.3282,4.25,0.601,0.425,-0.0917,0.908,7546.94,0.2551,1
syn_01334,75679.99,14303.6,0.189,54224.58,12,31,24.8,20.6,510,0.9233,0.0491,4.8,0.518,0.283,0.0072,1.007,38600.81,0.0983,0
syn_01335,60799.24,9169.6,0.1508,47044.83,12,41,26.5,21.2,561,0.9695,0.0123,4.94,0.563,0.257,0.1479,1.148,24689.47,0.1193,0
syn_01336,57356.16,7766.48,0.1354,45706.45,12,18,25.9,15.6,404,0.9889,0.0246,4.85,0.6,0.249,-0.0293,0.971,33859.27,0.0932,0
syn_01337,74864.71,14164.02,0.1892,53618.68,12,18,22.4,16.3,365,0.9869,0.0296,4.87,0.694,0.377,0.021,1.021,30272.94,0.1117,0
syn_01338,64655.47,14078.73,0.2177,43537.38,12,18,25.7,14.6,375,0.9215,0.0277,4.96,0.536,0.335,0.1493,1.149,29361.08,0.178,0
syn_01339,41384.08,10111.06,0.2443,26217.49,12,14,17.9,14.0,250,0.9104,0.1085,4.51,0.655,0.24,0.0632,1.063,21403.62,0.1984,1
syn_01340,58048.01,5841.83,0.1006,49285.26,12,18,23.5,13.1,308,0.9359,0.0266,4.76,0.699,0.436,0.0716,1.072,33702.26,0.1399,0
syn_01341,59315.37,5273.8,0.0889,51404.67,12,41,24.1,15.9,382,0.9566,0.0431,4.92,0.495,0.304,-0.0008,0.999,31930.87,0.0994,0
syn_01342,33912.29,12716.16,0.375,14838.05,12,15,22.0,11.5,253,0.8868,0.0653,4.63,0.597,0.424,-0.1397,0.86,16190.24,0.1231,1
syn_01343,64464.64,6169.05,0.0957,55211.06,12,39,26.6,18.5,490,0.9561,0.0563,4.87,0.577,0.317,0.1481,1.148,37185.11,0.1176,0
syn_01344,50606.53,8881.33,0.1755,37284.54,12,32,27.5,21.7,596,0.9304,0.0366,4.88,0.562,0.375,0.1345,1.134,28891.17,0.1708,0
syn_01345,27370.05,10918.59,0.3989,10992.17,4,4,16.9,10.1,171,0.7622,0.2943,4.13,0.478,0.374,-0.3376,0.662,15943.82,0.183,1
syn_01346,32863.35,9480.79,0.2885,18642.17,12,13,21.6,12.5,270,0.8454,0.1336,4.51,0.6,0.31,0.0108,1.011,14911.48,0.2019,0
syn_01347,62742.58,5680.95,0.0905,54221.16,12,42,27.0,15.6,422,0.9234,0.0551,4.86,0.336,0.387,0.0062,1.006,26528.79,0.1506,0
syn_01348,44329.21,16593.04,0.3743,19439.64,9,9,18.4,13.1,242,0.82,0.1439,4.64,0.544,0.427,-0.0073,0.993,21620.51,0.1802,1
syn_01349,46271.25,16487.63,0.3563,21539.81,10,10,20.9,14.9,311,0.8275,0.0986,4.56,0.573,0.261,-0.005,0.995,18820.27,0.1911,0
syn_01350,47751.08,16639.91,0.3485,22791.21,12,23,22.2,10.2,226,0.8446,0.1458,4.53,0.417,0.43,-0.106,0.894,23019.99,0.1366,1
syn_01351,20645.79,12486.56,0.6048,8258.32,7,7,14.3,7.3,104,0.7204,0.2131,4.2,0.303,0.319,-0.2126,0.787,9323.78,0.3842,1
syn_01352,37481.26,13078.28,0.3489,17863.85,12,18,22.3,12.4,277,0.9,0.1483,4.68,0.619,0.31,-0.0181,0.982,19681.58,0.1127,1
syn_01353,24679.37,12687.42,0.5141,9871.75,5,5,12.9,9.8,126,0.7004,0.1603,4.32,0.694,0.436,-0.1914,0.809,10028.12,0.3438,1
syn_01354,31230.48,9270.31,0.2968,17325.02,12,16,20.1,13.4,268,0.8835,0.1243,4.61,0.656,0.219,0.0174,1.017,17722.76,0.1557,1
syn_01355,37368.6,15066.69,0.4032,14947.44,11,11,20.1,10.3,206,0.8484,0.1428,4.61,0.41,0.397,-0.015,0.985,19592.82,0.1809,1
syn_01356,17095.76,8159.05,0.4773,6838.3,12,13,15.9,6.2,98,0.6506,0.3229,4.24,0.657,0.354,-0.2257,0.774,7357.08,0.3938,1
syn_01357,55798.77,9338.94,0.1674,41790.37,12,27,25.1,21.2,532,0.9544,0.0356,4.85,0.544,0.38,0.1079,1.108,30473.47,0.1223,0
syn_01358,73938.98,7249.47,0.098,63064.77,12,19,27.1,13.7,371,0.9463,0.0132,4.87,0.477,0.401,0.0806,1.081,38867.84,0.0614,0
syn_01359,26678.19,12847.41,0.4816,10671.27,12,13,16.7,9.9,164,0.7923,0.1432,4.5,0.335,0.304,-0.1166,0.883,15571.93,0.3126,1
syn_01360,57846.15,6328.98,0.1094,48352.69,12,28,23.2,18.8,435,0.9844,0.0354,4.82,0.416,0.35,-0.0182,0.982,23468.28,0.181,0
syn_01361,40601.46,14750.91,0.3633,18475.1,12,15,22.7,10.0,227,0.9197,0.0953,4.68,0.509,0.25,-0.0183,0.982,18692.3,0.1704,1
syn_01362,20319.96,8729.0,0.4296,8127.98,5,5,13.3,6.8,90,0.7332,0.1872,4.12,0.646,0.242,-0.1162,0.884,10807.21,0.3792,1
syn_01363,19425.03,11992.29,0.6174,7770.01,8,8,16.0,7.2,115,0.7192,0.231,4.49,0.563,0.229,-0.1422,0.858,10936.29,0.2954,1
syn_01364,57307.52,5108.3,0.0891,49645.07,12,36,22.6,14.1,319,0.9785,0.0429,4.76,0.492,0.279,0.0282,1.028,27759.3,0.0961,0
syn_01365,76155.42,16158.74,0.2122,51917.3,12,40,22.4,19.7,440,0.9709,0.0574,4.81,0.446,0.331,0.0984,1.098,36078.69,0.0458,0
syn_01366,59545.61,6290.24,0.1056,50110.26,12,30,28.3,14.3,405,0.9645,0.0545,4.96,0.669,0.377,0.1086,1.109,25992.48,0.077,0
syn_01367,39655.3,15236.69,0.3842,16800.26,9,9,22.0,9.2,202,0.9139,0.0639,4.65,0.605,0.412,0.0095,1.009,23412.4,0.1171,1
syn_01368,28304.45,10194.14,0.3602,13013.23,10,10,19.9,12.9,256,0.9013,0.0991,4.53,0.673,0.343,0.0662,1.066,13499.56,0.2569,0
syn_01369,69786.15,9573.34,0.1372,55426.13,12,47,25.9,16.7,433,0.9822,0.0341,4.94,0.637,0.325,0.118,1.118,31791.94,0.1493,0
syn_01370,53095.76,9829.95,0.1851,38350.83,12,21,27.0,14.8,400,0.9793,0.0241,4.93,0.637,0.209,0.0478,1.048,27807.44,0.1805,0
syn_01371,20622.28,11981.08,0.581,8248.91,10,10,10.0,8.1,80,0.8175,0.1894,4.4,0.555,0.344,-0.2195,0.78,11528.32,0.3764,1
syn_01372,38044.76,8498.67,0.2234,25296.75,12,17,22.3,14.0,311,0.8374,0.0972,4.69,0.666,0.42,0.0754,1.075,15983.67,0.2551,1
syn_01373,62717.09,10778.85,0.1719,46548.82,12,29,23.8,13.2,314,0.9299,0.032,4.81,0.353,0.447,0.1029,1.103,26122.1,0.0631,0
syn_01374,72940.58,15236.28,0.2089,50086.15,12,35,27.3,19.1,520,0.9526,0.0403,4.77,0.496,0.417,0.1268,1.127,43178.85,0.1082,0
syn_01375,15798.24,7252.36,0.4591,6319.3,11,11,16.0,10.4,166,0.7279,0.2324,4.17,0.304,0.201,-0.0595,0.941,8875.65,0.3523,1
syn_01376,53227.65,7943.31,0.1492,41312.69,12,32,24.9,21.0,522,0.9206,0.0588,4.89,0.42,0.261,-0.0196,0.98,26208.17,0.0643,0
syn_01377,29559.49,9615.86,0.3253,15135.7,12,16,21.5,9.5,204,0.909,0.112,4.74,0.676,0.361,-0.1159,0.884,13926.82,0.337,1
syn_01378,49625.08,8203.79,0.1653,37319.39,12,18,26.3,17.5,460,0.9415,0.0366,4.87,0.59,0.449,-0.0461,0.954,29247.18,0.1117,0
syn_01379,67297.74,9653.02,0.1434,52818.2,12,44,23.6,19.6,462,0.9833,0.0218,4.79,0.641,0.393,0.0892,1.089,30284.59,0.1752,0
syn_01380,46759.77,16396.92,0.3507,22164.39,12,12,22.8,12.5,284,0.9021,0.1332,4.58,0.436,0.362,0.0717,1.072,20866.91,0.0884,0
syn_01381,45323.56,15437.61,0.3406,22167.15,12,20,21.7,10.9,236,0.8429,0.0988,4.67,0.585,0.399,-0.1069,0.893,23621.79,0.1783,0
syn_01382,18772.0,12358.12,0.6583,7508.8,10,10,15.0,7.5,113,0.7708,0.3222,4.51,0.399,0.421,-0.0643,0.936,9679.99,0.3264,1
syn_01383,69310.9,13131.37,0.1895,49613.84,12,36,23.3,15.7,366,0.9514,0.0282,4.98,0.609,0.314,0.117,1.117,29397.96,0.1056,0
syn_01384,60872.79,11255.44,0.1849,43989.63,12,26,22.5,18.9,426,0.9701,0.0427,4.92,0.545,0.384,-0.0144,0.986,25065.65,0.1361,0
syn_01385,77319.48,6303.5,0.0815,67864.23,12,39,28.1,15.0,420,0.9519,0.0526,4.94,0.473,0.386,0.1284,1.128,39476.9,0.1483,0
syn_01386,71846.99,5953.74,0.0829,62916.38,12,42,26.4,16.9,447,0.952,0.0509,4.88,0.315,0.207,0.1271,1.127,35164.22,0.131,0
syn_01387,55534.4,12095.2,0.2178,37391.6,12,31,25.8,19.0,489,0.9395,0.0261,4.83,0.611,0.341,0.0897,1.09,27570.79,0.1308,0
syn_01388,36187.74,9634.38,0.2662,21736.17,12,13,22.9,12.0,273,0.9196,0.1041,4.55,0.59,0.352,-0.0333,0.967,15164.33,0.1171,0
syn_01389,33559.95,12616.42,0.3759,14635.32,12,23,20.1,14.9,298,0.9028,0.1499,4.65,0.361,0.367,-0.103,0.897,15363.0,0.2092,1
syn_01390,78097.9,8876.82,0.1137,64782.67,12,28,22.7,13.6,308,0.9553,0.0421,4.83,0.694,0.434,0.0881,1.088,33467.53,0.0454,0
syn_01391,71870.88,7098.8,0.0988,61222.67,12,29,24.2,14.1,340,0.9518,0.0376,4.8,0.489,0.329,-0.0447,0.955,42834.97,0.1318,0
syn_01392,16030.93,7164.74,0.4469,6412.37,11,11,11.5,5.7,65,0.7277,0.3467,4.32,0.602,0.42,-0.1274,0.873,6893.58,0.4937,1
syn_01393,79043.26,14963.7,0.1893,56597.7,12,28,24.0,18.1,433,0.9483,0.0345,4.83,0.661,0.314,0.0059,1.006,35118.26,0.1148,0
syn_01394,63135.48,11792.08,0.1868,45447.37,12,22,29.0,20.1,582,0.9814,0.0474,4.96,0.33,0.379,-0.0347,0.965,32875.83,0.1801,0
syn_01395,43377.11,12861.95,0.2965,24084.18,12,23,19.9,11.2,222,0.8396,0.0824,4.56,0.455,0.347,-0.0238,0.976,18107.98,0.2176,1
syn_01396,34773.44,12563.34,0.3613,15928.44,12,16,21.8,11.1,241,0.8286,0.0867,4.53,0.595,0.207,-0.0425,0.957,17645.12,0.1419,1
syn_01397,28019.84,11035.33,0.3938,11466.84,10,10,20.7,9.6,198,0.8864,0.115,4.62,0.667,0.412,-0.0536,0.946,15438.1,0.3327,1
syn_01398,41942.89,15527.71,0.3702,18651.33,12,23,22.9,9.0,206,0.8834,0.1265,4.73,0.303,0.203,0.0533,1.053,17231.89,0.2158,1
syn_01399,62439.84,8495.36,0.1361,49696.81,12,31,28.4,16.2,461,0.9799,0.0551,4.86,0.352,0.274,0.0394,1.039,28622.78,0.1577,0
syn_01400,78543.87,13824.05,0.176,57807.8,12,37,28.5,20.1,571,0.971,0.0307,4.82,0.617,0.271,0.1193,1.119,40027.8,0.1419,1
syn_01401,64557.25,11357.53,0.1759,47520.97,12,42,28.4,17.9,507,0.9552,0.0245,4.82,0.561,0.318,0.1093,1.109,36622.99,0.1091,0
syn_01402,77017.26,7880.54,0.1023,65196.44,12,33,26.8,18.3,492,0.9724,0.0175,4.97,0.612,0.299,0.0742,1.074,42411.76,0.1379,0
syn_01403,50989.05,9330.35,0.183,36993.52,12,37,22.3,14.7,328,0.9665,0.0149,4.97,0.378,0.303,0.1237,1.124,22240.84,0.1694,0
syn_01404,28602.83,7954.5,0.2781,16671.08,12,19,20.3,11.1,225,0.8975,0.1186,4.56,0.431,0.276,-0.1164,0.884,14584.77,0.2718,1
syn_01405,72436.76,11630.83,0.1606,54990.51,12,34,27.8,14.1,393,0.9505,0.0405,4.91,0.697,0.373,0.0892,1.089,34024.56,0.132,0
syn_01406,45358.46,19021.84,0.4194,18143.38,12,16,21.5,12.7,271,0.8279,0.1254,4.68,0.604,0.26,0.0284,1.028,21284.62,0.1047,1
syn_01407,28179.89,9769.17,0.3467,13526.14,12,12,16.8,13.0,217,0.9126,0.1472,4.56,0.464,0.371,0.0361,1.036,11832.98,0.2172,1
syn_01408,46755.7,14285.73,0.3055,25327.1,12,23,21.1,14.0,294,0.9099,0.0661,4.58,0.565,0.324,-0.0763,0.924,26470.6,0.1413,1
syn_01409,45519.75,18563.58,0.4078,18207.9,9,9,20.3,14.3,290,0.8331,0.1318,4.53,0.644,0.358,-0.0562,0.944,21980.65,0.1306,1
syn_01410,75117.47,10073.79,0.1341,60006.78,12,28,25.8,18.8,485,0.9443,0.0247,4.86,0.428,0.44,-0.007,0.993,44137.85,0.074,0
syn_01411,28907.55,6975.6,0.2413,18444.14,12,20,21.7,12.7,276,0.8391,0.0964,4.63,0.605,0.382,0.044,1.044,13894.57,0.1509,0
syn_01412,29968.6,7221.02,0.241,19137.07,12,22,21.6,10.5,226,0.8259,0.0961,4.7,0.44,0.221,-0.1209,0.879,17959.49,0.268,1
syn_01413,43111.41,11575.24,0.2685,25748.56,12,21,19.7,10.1,198,0.8481,0.1064,4.68,0.511,0.272,-0.1282,0.872,17877.26,0.1341,0
syn_01414,33040.94,12455.64,0.377,14357.48,10,10,19.0,10.2,194,0.8851,0.1259,4.53,0.585,0.366,-0.0863,0.914,17314.41,0.1612,1
syn_01415,55145.52,6511.24,0.1181,45378.66,12,22,23.0,16.7,384,0.9253,0.0475,4.93,0.429,0.32,0.0649,1.065,23270.49,0.069,0
syn_01416,77754.96,14318.08,0.1841,56277.84,12,30,23.7,18.3,432,0.9682,0.017,4.83,0.507,0.337,0.1311,1.131,43278.45,0.1042,0
syn_01417,50197.91,5035.83,0.1003,42644.16,12,36,25.8,13.6,350,0.9817,0.0171,4.91,0.537,0.39,0.0282,1.028,22439.57,0.1314,0
syn_01418,43784.39,17943.6,0.4098,17513.76,12,17,18.6,12.5,232,0.8286,0.0923,4.6,0.486,0.425,0.0421,1.042,19868.78,0.1617,1
syn_01419,61869.08,11051.08,0.1786,45292.45,12,18,25.2,17.1,431,0.9669,0.0227,4.92,0.444,0.231,-0.0194,0.981,29004.12,0.1061,0
syn_01420,75434.6,16084.05,0.2132,51308.52,12,43,22.5,17.8,401,0.9654,0.0455,4.9,0.305,0.288,0.104,1.104,42553.67,0.0827,0
syn_01421,68102.72,13976.51,0.2052,47137.95,12,27,27.9,15.3,425,0.9294,0.0197,4.97,0.457,0.326,0.0599,1.06,29410.21,0.0682,0
syn_01422,22466.62,10131.73,0.451,8986.65,12,12,12.2,10.9,132,0.7533,0.304,4.29,0.503,0.32,-0.1904,0.81,10321.52,0.2958,1
syn_01423,78055.93,9698.54,0.1243,63508.12,12,23,27.6,19.4,536,0.9754,0.0568,4.89,0.611,0.408,0.1296,1.13,37049.83,0.0578,0
syn_01424,57736.11,10592.59,0.1835,41847.22,12,38,25.2,18.4,463,0.9491,0.0181,4.79,0.326,0.314,-0.0345,0.966,24842.25,0.1483,1
syn_01425,33433.03,8906.6,0.2664,20073.13,10,10,18.8,10.3,194,0.8553,0.1256,4.65,0.592,0.255,-0.1313,0.869,16869.79,0.2341,1
syn_01426,23825.48,10165.71,0.4267,9530.19,8,8,11.1,8.5,94,0.7042,0.2449,4.26,0.469,0.285,-0.1578,0.842,14273.32,0.2911,1
syn_01427,55160.71,11636.25,0.211,37706.34,12,24,25.0,13.4,334,0.9297,0.014,4.89,0.589,0.308,-0.0127,0.987,29013.85,0.1357,0
syn_01428,36210.58,11616.22,0.3208,18786.25,12,18,22.8,13.0,295,0.9105,0.0761,4.62,0.661,0.311,0.059,1.059,14718.41,0.1639,1
syn_01429,56062.09,4659.6,0.0831,49072.68,12,44,23.0,18.9,434,0.9884,0.0156,4.86,0.649,0.328,-0.0139,0.986,32313.53,0.1731,0
syn_01430,73520.67,7241.92,0.0985,62657.79,12,34,22.5,14.7,330,0.9722,0.0396,4.87,0.661,0.345,-0.0001,1.0,29909.9,0.0815,0
syn_01431,78353.56,10859.74,0.1386,62063.95,12,32,28.0,15.3,429,0.96,0.0522,4.96,0.412,0.28,0.0472,1.047,46965.43,0.1118,0
syn_01432,20538.07,14298.14,0.6962,8215.23,10,10,10.2,7.9,80,0.76,0.1517,4.4,0.573,0.364,-0.32,0.68,11666.9,0.2533,1
syn_01433,40417.79,12207.38,0.302,22106.72,12,12,17.0,13.1,223,0.833,0.0772,4.7,0.504,0.442,0.0018,1.002,20870.11,0.1926,1
syn_01434,25668.09,14216.16,0.5538,10267.24,7,7,13.1,5.3,69,0.7476,0.3291,4.43,0.426,0.345,-0.1141,0.886,13560.71,0.2065,1
syn_01435,62032.04,7451.67,0.1201,50854.53,12,34,22.7,21.0,476,0.9208,0.0101,4.94,0.306,0.205,0.1494,1.149,37029.73,0.1539,0
syn_01436,47872.6,12287.78,0.2567,29440.93,8,8,21.0,9.9,208,0.874,0.0673,4.69,0.669,0.429,-0.0155,0.985,20598.76,0.0944,0
syn_01437,16572.45,11535.52,0.6961,6628.98,3,3,12.9,6.4,82,0.7808,0.1955,4.41,0.367,0.313,-0.0988,0.901,9035.14,0.5082,1
syn_01438,74236.81,11315.68,0.1524,57263.29,12,33,23.6,19.0,447,0.9758,0.026,4.9,0.53,0.376,-0.0206,0.979,31042.51,0.0819,0
syn_01439,21368.52,11960.05,0.5597,8547.41,12,13,12.3,5.4,66,0.7219,0.306,4.44,0.499,0.39,-0.0823,0.918,10568.21,0.2226,1
syn_01440,69575.69,6865.51,0.0987,59277.42,12,30,24.3,13.6,329,0.9656,0.0585,4.94,0.507,0.302,0.1449,1.145,29845.25,0.1525,0
syn_01441,29124.5,11928.78,0.4096,11649.8,10,10,16.0,14.9,238,0.8929,0.0896,4.67,0.382,0.25,0.0381,1.038,12984.31,0.1879,1
syn_01442,60159.2,12261.29,0.2038,41767.26,12,39,23.8,17.1,405,0.9647,0.0539,4.87,0.478,0.396,0.0247,1.025,32362.68,0.1796,0
syn_01443,67022.85,14074.52,0.21,45911.07,12,35,24.0,15.5,372,0.9508,0.0278,4.92,0.386,0.379,0.0784,1.078,29221.4,0.1467,0
syn_01444,63256.66,12003.04,0.1898,45252.1,12,42,28.5,19.6,558,0.9743,0.0134,4.8,0.318,0.292,0.1449,1.145,30850.92,0.1461,0
syn_01445,53540.38,8094.14,0.1512,41399.16,12,24,26.1,15.2,395,0.9611,0.055,4.86,0.47,0.282,0.1215,1.121,31134.86,0.2119,0
syn_01446,47361.47,12617.84,0.2664,28434.7,8,8,22.4,9.7,216,0.8438,0.0811,4.75,0.445,0.44,-0.1489,0.851,20178.95,0.1655,1
syn_01447,22453.27,15483.91,0.6896,8981.31,7,7,16.9,7.7,129,0.794,0.2034,4.26,0.449,0.447,-0.3006,0.699,10522.17,0.247,1
syn_01448,26880.92,13162.06,0.4896,10752.37,7,7,14.3,10.8,154,0.7163,0.2828,4.22,0.675,0.429,-0.2701,0.73,10863.84,0.2742,1
syn_01449,68585.68,10461.13,0.1525,52893.99,12,30,22.7,21.9,497,0.9727,0.0319,4.89,0.579,0.285,-0.0325,0.968,28383.05,0.1087,0
syn_01450,67252.34,5435.19,0.0808,59099.56,12,33,22.7,14.9,336,0.9444,0.0371,4.82,0.681,0.356,0.0052,1.005,38400.41,0.1609,0
syn_01451,28398.64,9917.55,0.3492,13522.32,12,14,20.4,9.7,197,0.8662,0.1424,4.55,0.329,0.287,-0.0439,0.956,12434.28,0.2383,1
syn_01452,47300.0,14697.45,0.3107,25253.83,12,19,20.4,12.2,249,0.8351,0.1015,4.64,0.397,0.248,0.0687,1.069,19108.26,0.1311,0
syn_01453,48701.65,6930.55,0.1423,38305.82,12,31,28.9,19.0,550,0.9732,0.016,4.86,0.632,0.258,0.0072,1.007,27455.14,0.2268,0
syn_01454,64898.29,8845.4,0.1363,51630.18,12,41,22.2,19.8,439,0.9881,0.041,4.95,0.497,0.396,0.0534,1.053,38751.52,0.0784,0
syn_01455,38206.25,11669.52,0.3054,20701.96,12,23,18.0,11.9,213,0.9073,0.0638,4.74,0.49,0.214,0.0785,1.078,20390.34,0.1986,1
syn_01456,31987.29,10522.88,0.329,16202.97,12,13,22.8,13.2,300,0.8692,0.1299,4.68,0.676,0.27,0.0551,1.055,13697.74,0.1634,1
syn_01457,16891.39,11686.14,0.6918,6756.56,12,13,9.7,6.3,61,0.7255,0.3487,4.31,0.339,0.361,-0.1849,0.815,6863.67,0.472,1
syn_01458,76419.64,9609.45,0.1257,62005.47,12,25,26.0,16.6,430,0.9252,0.0281,4.84,0.604,0.4,0.1291,1.129,40055.49,0.0775,0
syn_01459,20298.91,13049.82,0.6429,8119.56,11,11,13.1,6.7,87,0.7015,0.187,4.16,0.373,0.425,-0.2947,0.705,8572.43,0.2372,1
syn_01460,52522.01,6473.69,0.1233,42811.47,12,20,22.3,15.8,352,0.9242,0.0218,4.81,0.644,0.297,0.1489,1.149,29000.69,0.0975,0
syn_01461,17561.21,8525.69,0.4855,7024.48,6,6,13.9,7.2,99,0.7644,0.1898,4.39,0.589,0.259,-0.2458,0.754,8577.79,0.386,1
syn_01462,20881.55,8987.6,0.4304,8352.62,10,10,13.3,6.0,79,0.723,0.2258,4.4,0.609,0.356,-0.2923,0.708,11166.9,0.4123,1
syn_01463,57785.18,9434.46,0.1633,43633.49,12,29,24.3,19.5,475,0.9606,0.0173,4.82,0.679,0.286,-0.0057,0.994,28707.86,0.1127,0
syn_01464,73776.53,9811.25,0.133,59059.66,12,38,27.2,21.0,570,0.9737,0.0117,4.94,0.472,0.217,0.1049,1.105,33051.56,0.1223,0
syn_01465,57416.01,9310.76,0.1622,43449.87,12,19,24.2,19.2,463,0.9775,0.031,4.96,0.625,0.408,-0.034,0.966,24934.93,0.1839,0
syn_01466,52445.86,7637.64,0.1456,40989.4,12,35,29.0,14.4,418,0.9863,0.0512,4.97,0.558,0.245,-0.0141,0.986,31290.6,0.0938,0
syn_01467,30699.91,9348.51,0.3045,16677.15,12,12,16.6,10.6,176,0.8571,0.1367,4.7,0.548,0.354,-0.0482,0.952,14928.45,0.2719,1
syn_01468,45381.52,11457.09,0.2525,28195.88,12,14,22.2,11.1,245,0.8325,0.114,4.59,0.384,0.297,0.0376,1.038,21160.83,0.1451,1
syn_01469,39564.13,16522.42,0.4176,15825.65,12,18,20.8,14.6,304,0.8318,0.0655,4.58,0.651,0.23,-0.1186,0.881,19631.87,0.1809,0
syn_01470,53658.16,8384.7,0.1563,41081.1,12,25,25.9,15.0,389,0.9698,0.0466,4.75,0.401,0.261,0.0292,1.029,26611.03,0.2052,0
syn_01471,50773.04,6139.54,0.1209,41563.73,12,42,22.3,20.0,447,0.9227,0.0254,4.88,0.604,0.338,0.0319,1.032,27669.39,0.1091,0
syn_01472,46150.13,18329.21,0.3972,18656.31,12,19,21.5,11.9,255,0.8508,0.1056,4.63,0.548,0.26,-0.0096,0.99,21638.69,0.1109,1
syn_01473,76009.77,11273.35,0.1483,59099.73,12,24,23.6,13.4,315,0.9673,0.0207,4.98,0.695,0.351,0.0567,1.057,35607.88,0.0737,0
syn_01474,34965.99,12849.91,0.3675,15691.12,9,9,20.6,10.2,209,0.8556,0.0837,4.65,0.378,0.441,-0.0707,0.929,19529.36,0.1674,1
syn_01475,61711.14,8201.49,0.1329,49408.91,12,45,23.6,18.7,442,0.968,0.0334,4.76,0.331,0.314,0.1337,1.134,31706.65,0.1916,0
syn_01476,39642.15,15704.41,0.3962,16085.53,8,8,17.5,10.1,176,0.8972,0.083,4.55,0.462,0.334,-0.0631,0.937,16855.04,0.1603,1
syn_01477,17700.3,12177.97,0.688,7080.12,4,4,16.7,6.1,101,0.6747,0.2284,4.12,0.443,0.449,-0.1535,0.846,10414.75,0.2761,1
syn_01478,60347.55,6474.95,0.1073,50635.12,12,29,25.6,16.9,433,0.939,0.018,4.82,0.517,0.216,0.0517,1.052,34352.91,0.0584,0
syn_01479,42777.48,15827.35,0.37,19036.46,8,8,20.6,13.4,275,0.8288,0.1254,4.53,0.331,0.244,-0.0719,0.928,21364.14,0.2257,1
syn_01480,53246.79,10571.0,0.1985,37390.28,12,40,22.9,13.3,305,0.9477,0.059,4.78,0.38,0.315,-0.0297,0.97,28623.75,0.1833,0
syn_01481,72611.11,13555.14,0.1867,52278.39,12,31,25.6,21.4,546,0.9385,0.022,4.89,0.521,0.2,0.0743,1.074,34740.38,0.0471,0
syn_01482,32979.67,10320.3,0.3129,17499.21,12,19,22.8,10.8,245,0.8423,0.079,4.64,0.55,0.349,0.0685,1.068,17787.1,0.232,0
syn_01483,61765.26,5101.99,0.0826,54112.28,12,37,25.8,21.9,564,0.9445,0.0583,4.77,0.546,0.348,0.0965,1.096,33679.71,0.0652,0
syn_01484,17928.46,7741.01,0.4318,7171.38,7,7,12.2,9.3,113,0.6572,0.1671,4.14,0.605,0.283,-0.1744,0.826,10160.92,0.3187,1
syn_01485,46703.82,13421.71,0.2874,26571.26,9,9,23.0,14.9,341,0.8979,0.0618,4.64,0.508,0.297,-0.13,0.87,20646.49,0.2006,1
syn_01486,77854.32,12723.25,0.1634,58769.45,12,37,28.0,20.8,581,0.9563,0.0274,4.9,0.319,0.374,0.0392,1.039,40829.78,0.0479,0
syn_01487,39394.96,14241.71,0.3615,18032.4,12,18,19.0,9.5,181,0.9162,0.0989,4.67,0.595,0.318,-0.0278,0.972,16130.3,0.1099,0
syn_01488,39208.23,9203.43,0.2347,25403.08,9,9,19.8,12.3,244,0.9074,0.1253,4.56,0.643,0.433,0.0543,1.054,18769.92,0.1897,1
syn_01489,34046.0,13353.65,0.3922,14015.52,12,23,19.4,10.0,193,0.8869,0.1216,4.57,0.685,0.391,-0.1437,0.856,17705.43,0.1527,1
syn_01490,68660.7,9870.86,0.1438,53854.4,12,46,25.3,16.7,422,0.9363,0.0293,4.87,0.531,0.44,0.0556,1.056,36269.36,0.1435,0
syn_01491,74260.56,12570.31,0.1693,55405.1,12,45,26.6,13.8,365,0.9865,0.0153,4.88,0.537,0.24,0.016,1.016,35493.83,0.0925,0
syn_01492,49612.73,7305.37,0.1472,38654.68,12,39,23.0,16.9,389,0.9725,0.0329,4.79,0.543,0.216,0.0004,1.0,29077.41,0.1271,0
syn_01493,58682.23,9276.7,0.1581,44767.18,12,30,24.4,16.7,409,0.9758,0.0181,4.89,0.621,0.443,0.0511,1.051,26670.67,0.0979,0
syn_01494,28021.83,9136.44,0.326,14317.17,12,21,17.5,9.6,167,0.8732,0.1272,4.6,0.453,0.287,0.0041,1.004,14363.51,0.2476,1
syn_01495,29852.73,10508.24,0.352,14090.37,9,9,19.8,11.6,229,0.8352,0.097,4.7,0.378,0.394,0.0546,1.055,17553.93,0.2752,1
syn_01496,41359.45,11057.63,0.2674,24773.0,12,17,19.1,12.8,244,0.8837,0.1313,4.57,0.679,0.245,0.0272,1.027,19272.08,0.1606,1
syn_01497,31454.62,7335.26,0.2332,20451.73,12,17,21.6,9.9,214,0.8387,0.1481,4.68,0.385,0.36,-0.0924,0.908,15512.72,0.2399,1
syn_01498,70832.87,5908.79,0.0834,61969.67,12,20,26.1,20.6,535,0.9466,0.0122,4.91,0.306,0.374,0.1359,1.136,34305.1,0.1335,0
syn_01499,62923.65,9708.43,0.1543,48361.01,12,43,27.3,20.0,545,0.965,0.0569,4.98,0.302,0.234,0.1394,1.139,28874.09,0.1656,0
syn_01500,76853.23,14817.14,0.1928,54627.52,12,22,22.5,15.2,342,0.9773,0.0502,4.97,0.603,0.275,0.1495,1.15,39807.85,0.1534,0
syn_01501,43878.55,12074.32,0.2752,25767.06,12,16,19.6,12.4,242,0.9143,0.084,4.73,0.647,0.381,0.0351,1.035,19421.78,0.1911,1
syn_01502,62321.49,6369.99,0.1022,52766.51,12,36,25.7,15.5,399,0.9267,0.0333,4.89,0.35,0.235,-0.0406,0.959,34181.32,0.1062,1
syn_01503,62063.74,6243.12,0.1006,52699.06,12,42,22.7,15.7,356,0.9759,0.0282,4.79,0.57,0.378,0.0308,1.031,36871.02,0.1289,1
syn_01504,38592.1,11478.51,0.2974,21374.34,12,13,20.9,12.5,261,0.8282,0.1179,4.67,0.662,0.31,-0.0647,0.935,16648.52,0.2398,1
syn_01505,38102.25,11423.83,0.2998,20966.5,12,21,22.4,10.4,232,0.8457,0.0925,4.71,0.688,0.359,0.0659,1.066,16278.27,0.1396,1
syn_01506,45854.13,16212.32,0.3536,21535.65,11,11,22.1,14.7,325,0.8326,0.0687,4.7,0.422,0.26,0.0492,1.049,24155.95,0.1636,0
syn_01507,63478.52,13579.64,0.2139,43109.06,12,24,27.9,21.5,598,0.9764,0.0277,4.94,0.564,0.206,0.1346,1.135,29413.43,0.1815,0
syn_01508,68180.19,7091.62,0.104,57542.76,12,31,27.4,16.3,445,0.9772,0.0149,4.91,0.674,0.205,0.0087,1.009,35424.1,0.149,0
syn_01509,68684.58,8312.01,0.121,56216.56,12,41,25.5,13.4,340,0.9335,0.0312,4.94,0.381,0.289,0.0459,1.046,29208.06,0.1205,0
syn_01510,17901.99,7183.4,0.4013,7160.8,12,13,11.2,7.4,82,0.725,0.2699,4.48,0.502,0.215,-0.2509,0.749,10406.5,0.4888,1
syn_01511,55727.46,9966.11,0.1788,40778.29,12,44,24.1,13.4,323,0.959,0.0517,4.84,0.598,0.324,0.0735,1.073,24634.94,0.1992,0
syn_01512,63748.29,9722.19,0.1525,49165.0,12,35,28.2,21.1,592,0.9517,0.0328,4.87,0.513,0.357,0.0539,1.054,29969.34,0.1812,0
syn_01513,31554.72,7154.04,0.2267,20823.66,12,17,18.4,11.6,212,0.8262,0.1333,4.59,0.304,0.303,0.0601,1.06,18573.52,0.1561,0
syn_01514,16210.42,7731.18,0.4769,6484.17,7,7,13.0,6.1,79,0.7293,0.3156,4.47,0.444,0.411,-0.3352,0.665,8833.74,0.3272,1
syn_01515,40491.15,9823.26,0.2426,25756.27,9,9,17.8,10.1,179,0.8373,0.1155,4.64,0.68,0.311,-0.1095,0.89,20878.56,0.2455,1
syn_01516,70317.61,9244.39,0.1315,56451.03,12,33,28.0,13.3,372,0.9508,0.0355,4.89,0.609,0.384,0.0052,1.005,35376.26,0.0974,0
syn_01517,75157.29,8748.55,0.1164,62034.46,12,47,23.4,15.8,369,0.9517,0.0525,4.93,0.357,0.367,0.1202,1.12,36173.79,0.0725,0
syn_01518,30791.09,11598.88,0.3767,13392.77,12,20,23.0,14.1,324,0.8952,0.1196,4.61,0.48,0.23,0.018,1.018,14585.75,0.271,1
syn_01519,35688.66,7975.81,0.2235,23724.95,12,12,18.7,13.9,258,0.8743,0.0609,4.62,0.371,0.333,-0.083,0.917,18524.61,0.1924,0
syn_01520,52014.66,10262.78,0.1973,36620.49,12,32,22.8,17.6,401,0.9565,0.0586,4.9,0.576,0.352,0.0076,1.008,29874.64,0.0993,0
syn_01521,68540.4,14732.38,0.2149,46441.83,12,40,26.1,15.7,410,0.9467,0.0188,4.92,0.465,0.379,0.0915,1.092,38951.66,0.0701,0
syn_01522,23923.36,11789.91,0.4928,9569.34,5,5,16.8,6.8,114,0.6512,0.2483,4.16,0.571,0.335,-0.3367,0.663,10850.4,0.334,1
syn_01523,41316.46,10739.23,0.2599,25207.62,12,17,17.9,11.6,208,0.8646,0.1297,4.59,0.466,0.422,-0.1126,0.887,23015.47,0.1333,1
syn_01524,26229.56,14230.55,0.5425,10491.83,10,10,16.5,10.0,164,0.8186,0.2708,4.43,0.322,0.348,-0.1871,0.813,13876.72,0.221,1
syn_01525,76306.28,15225.78,0.1995,53467.6,12,29,26.2,15.5,404,0.9533,0.0304,4.83,0.321,0.448,-0.0294,0.971,41177.44,0.1034,0
syn_01526,65319.38,13184.69,0.2018,45542.35,12,18,27.4,19.3,529,0.9298,0.0429,4.93,0.648,0.356,0.0645,1.064,35573.07,0.1689,0
syn_01527,75451.39,6324.69,0.0838,65964.35,12,28,22.0,15.5,342,0.984,0.0551,4.87,0.508,0.344,0.0606,1.061,41592.78,0.0794,0
syn_01528,33866.55,11308.18,0.3339,16904.27,11,11,22.9,10.3,235,0.9186,0.1243,4.71,0.693,0.226,-0.1294,0.871,19928.86,0.1713,1
syn_01529,42253.66,10962.23,0.2594,25810.32,8,8,16.9,11.0,186,0.8971,0.0696,4.56,0.538,0.233,-0.1481,0.852,20348.13,0.2322,1
syn_01530,65884.2,6369.04,0.0967,56330.63,12,35,22.2,20.2,448,0.9708,0.0141,4.78,0.495,0.259,0.1285,1.129,26404.27,0.1506,0
syn_01531,30544.86,7159.03,0.2344,19806.32,9,9,20.9,12.0,249,0.8818,0.1391,4.69,0.501,0.34,-0.0438,0.956,15539.66,0.3243,1
syn_01532,72193.96,8469.17,0.1173,59490.2,12,34,24.7,15.4,380,0.9774,0.0462,4.95,0.513,0.443,-0.016,0.984,41592.62,0.0507,0
syn_01533,49222.43,10325.0,0.2098,33734.93,12,46,23.3,21.2,493,0.9239,0.0574,4.8,0.551,0.313,0.0105,1.011,25785.45,0.1507,1
syn_01534,23832.9,10796.52,0.453,9533.16,7,7,11.1,7.3,80,0.7017,0.1933,4.12,0.326,0.341,-0.099,0.901,10070.04,0.2023,1
syn_01535,66384.14,7978.57,0.1202,54416.28,12,32,26.6,17.5,466,0.9434,0.0513,4.92,0.376,0.212,0.0287,1.029,27612.37,0.1601,0
syn_01536,77544.77,13122.13,0.1692,57861.58,12,39,28.7,13.8,396,0.9243,0.0402,4.97,0.435,0.211,0.0505,1.051,43095.99,0.0447,0
syn_01537,23722.1,9524.31,0.4015,9488.84,8,8,9.4,8.5,80,0.8008,0.251,4.47,0.467,0.311,-0.1067,0.893,13275.09,0.2057,1
syn_01538,18636.5,10287.73,0.552,7454.6,4,4,14.6,8.8,128,0.8101,0.3071,4.33,0.684,0.351,-0.2856,0.714,8597.46,0.3624,1
syn_01539,50307.17,5124.02,0.1019,42621.14,12,18,22.4,16.6,371,0.9436,0.0419,4.87,0.344,0.218,0.0692,1.069,27389.87,0.1441,0
syn_01540,56619.67,8987.17,0.1587,43138.92,12,40,24.0,16.5,395,0.9835,0.0528,4.87,0.623,0.292,-0.0024,0.998,23167.78,0.0837,0
syn_01541,19569.72,11428.49,0.584,7827.89,7,7,16.7,10.9,181,0.7702,0.2985,4.34,0.656,0.289,-0.1233,0.877,9839.28,0.4496,1
syn_01542,54658.73,8186.57,0.1498,42378.87,12,31,28.3,18.6,525,0.9799,0.0183,4.96,0.332,0.346,0.0704,1.07,25874.14,0.0601,0
syn_01543,23201.87,12342.67,0.532,9280.75,3,3,11.8,8.8,103,0.659,0.2981,4.1,0.649,0.331,-0.2579,0.742,12171.6,0.3026,1
syn_01544,20320.1,9564.73,0.4707,8128.04,12,13,9.8,7.9,77,0.8109,0.2578,4.38,0.444,0.419,-0.3161,0.684,10304.43,0.2568,0
syn_01545,67219.62,13469.63,0.2004,47015.17,12,36,22.0,14.7,323,0.9354,0.0575,4.79,0.406,0.432,-0.0426,0.957,33225.87,0.1162,0
syn_01546,41604.84,12492.38,0.3003,22866.28,12,14,16.8,13.3,223,0.9024,0.1256,4.56,0.319,0.301,0.07,1.07,22194.64,0.0998,1
syn_01547,47793.79,18238.97,0.3816,20435.34,12,22,19.3,13.3,257,0.9044,0.1019,4.7,0.529,0.427,-0.039,0.961,23647.5,0.1322,1
syn_01548,17506.81,10443.5,0.5965,7002.72,5,5,12.3,5.1,63,0.709,0.3094,4.43,0.51,0.203,-0.2016,0.798,8475.02,0.392,1
syn_01549,69595.83,11787.41,0.1694,51914.71,12,28,24.7,13.1,322,0.9377,0.0417,4.77,0.678,0.277,-0.0285,0.972,31237.84,0.1268,0
syn_01550,47509.69,14990.39,0.3155,25024.11,12,17,21.4,13.6,291,0.8697,0.1316,4.57,0.554,0.356,-0.1219,0.878,19539.49,0.1379,1
syn_01551,70622.05,15259.91,0.2161,47732.18,12,29,23.2,16.7,386,0.9267,0.0221,4.84,0.671,0.368,0.0581,1.058,39159.04,0.0719,0
syn_01552,39970.12,13011.17,0.3255,20453.36,8,8,18.1,10.6,190,0.878,0.1236,4.51,0.424,0.31,-0.0195,0.981,22860.01,0.1257,1
syn_01553,63043.83,13547.12,0.2149,42723.15,12,37,24.5,19.7,481,0.938,0.0354,4.88,0.463,0.209,0.0158,1.016,34304.94,0.1149,0
syn_01554,67391.56,7332.73,0.1088,56392.46,12,41,23.8,20.4,484,0.9346,0.0267,4.9,0.597,0.24,0.0622,1.062,28307.95,0.1061,0
syn_01555,37158.04,13557.44,0.3649,16821.88,12,21,21.7,9.8,213,0.8906,0.1428,4.64,0.389,0.31,-0.1072,0.893,20364.57,0.1281,1
syn_01556,70579.68,6113.05,0.0866,61410.11,12,34,22.6,13.5,305,0.9496,0.0121,4.92,0.612,0.378,-0.0054,0.995,35481.76,0.1623,0
syn_01557,36445.19,13911.36,0.3817,15578.15,12,22,18.7,14.0,261,0.8459,0.086,4.67,0.631,0.336,-0.1011,0.899,19642.04,0.1475,1
syn_01558,65740.54,8276.22,0.1259,53326.22,12,21,23.5,17.2,404,0.9667,0.0292,4.93,0.558,0.414,0.0977,1.098,26490.94,0.1462,0
syn_01559,36289.04,12269.26,0.3381,17885.15,12,20,16.4,14.9,244,0.9,0.1382,4.67,0.468,0.363,-0.1072,0.893,15497.91,0.1154,1
syn_01560,75309.54,8086.59,0.1074,63179.66,12,38,24.3,16.9,411,0.9873,0.0283,4.84,0.505,0.361,0.0807,1.081,30858.48,0.0899,0
syn_01561,70630.43,9202.29,0.1303,56826.99,12,38,23.5,21.2,499,0.9499,0.0427,4.76,0.671,0.342,0.0328,1.033,36903.33,0.1466,0
syn_01562,27273.92,18178.76,0.6665,10909.57,12,12,9.0,10.6,95,0.6734,0.1484,4.12,0.491,0.311,-0.2453,0.755,14169.83,0.2788,1
syn_01563,32350.62,8773.09,0.2712,19190.98,12,12,18.1,12.6,228,0.8672,0.0903,4.59,0.697,0.389,-0.0647,0.935,17902.85,0.304,1
syn_01564,39104.06,10583.68,0.2707,23228.55,12,14,16.2,14.0,227,0.9096,0.0746,4.7,0.604,0.409,0.0205,1.02,20163.39,0.1297,1
syn_01565,72375.95,13756.26,0.1901,51741.57,12,34,23.0,17.7,408,0.98,0.0259,4.85,0.577,0.253,0.1109,1.111,30984.24,0.0526,0
syn_01566,20981.28,10888.67,0.519,8392.51,8,8,14.5,7.7,112,0.6719,0.3248,4.28,0.62,0.367,-0.3278,0.672,9872.33,0.3406,1
syn_01567,47238.31,12982.87,0.2748,27764.0,12,14,20.0,10.9,217,0.8945,0.0643,4.51,0.374,0.44,0.0365,1.036,25119.63,0.1398,1
syn_01568,44028.83,14310.77,0.325,22562.68,12,14,17.7,10.2,181,0.8597,0.1374,4.52,0.385,0.351,-0.0997,0.9,25345.33,0.2126,1
syn_01569,66639.2,11703.58,0.1756,49083.84,12,21,26.8,18.7,501,0.955,0.036,4.9,0.668,0.39,0.0881,1.088,32160.8,0.1335,0
syn_01570,30217.83,12079.63,0.3998,12098.38,12,12,22.2,9.7,215,0.8997,0.1002,4.58,0.427,0.28,0.02,1.02,13416.53,0.2544,1
syn_01571,57056.44,8114.21,0.1422,44885.13,12,33,24.6,19.6,482,0.9622,0.0427,4.8,0.699,0.225,0.0151,1.015,32997.17,0.0559,0
syn_01572,41398.28,14432.75,0.3486,19749.16,9,9,22.3,9.7,216,0.8515,0.0682,4.6,0.653,0.312,0.0597,1.06,18853.6,0.2099,1
syn_01573,56948.43,4983.48,0.0875,49473.2,12,43,22.9,18.5,422,0.9625,0.023,4.92,0.424,0.32,0.1047,1.105,27506.8,0.1982,0
syn_01574,63164.25,6008.8,0.0951,54151.06,12,26,22.9,17.2,392,0.9712,0.0517,4.88,0.617,0.316,0.0449,1.045,35461.06,0.1022,0
syn_01575,31877.92,10266.65,0.3221,16477.95,12,19,19.1,11.5,220,0.8743,0.1484,4.7,0.557,0.325,0.0579,1.058,18232.02,0.1311,1
syn_01576,17125.77,11181.97,0.6529,6850.31,12,13,12.9,7.7,99,0.7834,0.1596,4.47,0.337,0.242,-0.1487,0.851,6869.22,0.5183,1
syn_01577,74090.94,9006.61,0.1216,60581.03,12,21,28.8,19.3,557,0.9321,0.0338,4.86,0.626,0.258,0.0485,1.049,43992.63,0.1056,0
syn_01578,79288.41,11301.14,0.1425,62336.69,12,39,23.8,14.4,343,0.9401,0.0264,4.85,0.642,0.325,0.0811,1.081,46764.67,0.0688,0
syn_01579,18586.68,8212.72,0.4419,7434.67,8,8,14.6,8.2,119,0.7527,0.2986,4.4,0.36,0.304,-0.337,0.663,9171.77,0.458,1
syn_01580,50922.72,5213.37,0.1024,43102.66,12,28,23.1,16.4,378,0.9826,0.0203,4.85,0.384,0.448,0.0123,1.012,30043.12,0.1981,0
syn_01581,33443.98,8480.2,0.2536,20723.68,10,10,16.9,13.8,232,0.8696,0.1168,4.58,0.641,0.23,-0.0227,0.977,18006.0,0.1658,1
syn_01582,19535.82,11240.19,0.5754,7814.33,3,3,13.5,5.6,75,0.7858,0.3444,4.18,0.617,0.215,-0.0815,0.919,8064.65,0.3729,1
syn_01583,19813.31,8736.67,0.4409,7925.32,10,10,15.5,8.6,133,0.7113,0.2332,4.45,0.659,0.254,-0.2483,0.752,8276.88,0.2497,1
syn_01584,28698.27,11070.6,0.3858,12092.38,12,22,18.9,12.9,244,0.8572,0.1226,4.56,0.368,0.298,-0.145,0.855,17125.02,0.3375,1
syn_01585,45314.15,14480.22,0.3196,23593.82,11,11,18.6,13.0,240,0.8541,0.0913,4.68,0.578,0.327,-0.0787,0.921,19868.93,0.1149,1
syn_01586,52724.49,8593.14,0.163,39834.79,12,47,28.2,19.2,541,0.9817,0.0268,4.81,0.602,0.337,0.1203,1.12,24151.17,0.1242,0
syn_01587,70302.2,5741.17,0.0817,61690.45,12,32,26.5,17.9,472,0.9354,0.0476,4.82,0.479,0.377,0.0054,1.005,32674.36,0.103,0
syn_01588,65114.5,13811.12,0.2121,44397.82,12,43,22.6,17.6,397,0.9737,0.04,4.76,0.517,0.392,0.1445,1.144,35822.38,0.0873,0
syn_01589,65118.72,8804.97,0.1352,51911.26,12,31,28.4,20.7,586,0.9518,0.01,4.96,0.682,0.258,-0.0251,0.975,37086.92,0.0799,0
syn_01590,74446.19,13549.67,0.182,54121.69,12,47,23.3,19.9,464,0.9443,0.0365,4.89,0.483,0.366,0.0719,1.072,34815.48,0.1281,0
syn_01591,51986.16,7205.6,0.1386,41177.76,12,27,28.9,15.6,450,0.9572,0.0472,4.75,0.304,0.36,0.1301,1.13,22155.3,0.1246,0
syn_01592,72914.34,10936.35,0.15,56509.83,12,42,23.5,18.7,439,0.9309,0.0195,4.89,0.699,0.337,0.1482,1.148,35099.4,0.1511,0
syn_01593,55493.9,5197.21,0.0937,47698.09,12,45,26.4,13.9,366,0.9461,0.0312,4.88,0.493,0.261,0.1483,1.148,29125.9,0.0899,0
syn_01594,31423.71,9462.82,0.3011,17229.48,12,16,19.0,14.9,283,0.9049,0.1261,4.72,0.599,0.346,0.0192,1.019,18511.38,0.2998,1
syn_01595,58168.78,6781.81,0.1166,47996.06,12,28,24.4,17.6,430,0.9798,0.0471,4.94,0.68,0.305,0.1267,1.127,30875.68,0.116,0
syn_01596,33981.77,11523.35,0.3391,16696.75,12,12,23.0,12.1,278,0.9136,0.1308,4.7,0.684,0.387,-0.0497,0.95,19084.7,0.186,0
syn_01597,79635.53,7112.73,0.0893,68966.44,12,25,27.9,16.2,452,0.9493,0.0516,4.77,0.381,0.323,0.0208,1.021,36647.22,0.1453,0
syn_01598,73006.32,5990.54,0.0821,64020.51,12,30,26.6,13.0,346,0.9244,0.0304,4.94,0.505,0.428,-0.021,0.979,33896.76,0.1095,0
syn_01599,68090.06,11092.42,0.1629,51451.43,12,22,22.2,13.8,306,0.931,0.0168,4.81,0.336,0.316,0.0408,1.041,28725.15,0.0932,0
syn_01600,29824.29,8526.37,0.2859,17034.72,11,11,18.7,10.8,202,0.8335,0.0826,4.67,0.399,0.33,-0.0612,0.939,14695.6,0.2614,1
syn_01601,66323.93,6995.81,0.1055,55830.22,12,30,23.8,15.0,356,0.9249,0.0274,4.98,0.618,0.438,0.0208,1.021,31131.3,0.1077,0
syn_01602,76390.3,12786.16,0.1674,57211.06,12,36,28.8,13.9,400,0.9508,0.0589,4.84,0.453,0.205,0.0979,1.098,35218.42,0.0429,0
syn_01603,71120.52,6751.9,0.0949,60992.66,12,44,22.4,20.2,453,0.9767,0.016,4.82,0.677,0.3,0.106,1.106,29065.75,0.1087,0
syn_01604,75288.81,11271.59,0.1497,58381.42,12,27,24.5,17.9,438,0.9293,0.0103,4.81,0.465,0.385,0.071,1.071,32726.37,0.1249,0
syn_01605,51993.54,7424.66,0.1428,40856.55,12,19,23.5,15.6,365,0.9654,0.0279,4.88,0.455,0.404,0.0325,1.032,30426.41,0.0869,0
syn_01606,64035.78,10915.96,0.1705,47661.83,12,21,26.2,19.4,508,0.924,0.0314,4.8,0.401,0.226,0.1018,1.102,34818.36,0.1695,0
syn_01607,79157.79,10758.48,0.1359,63020.07,12,34,23.5,14.5,341,0.9321,0.0196,4.93,0.489,0.282,-0.0378,0.962,39219.73,0.1513,0
syn_01608,57311.66,8086.39,0.1411,45182.08,12,45,24.5,13.8,336,0.933,0.0195,4.91,0.525,0.386,0.0313,1.031,26260.77,0.1751,0
syn_01609,42792.22,9900.24,0.2314,27941.85,12,17,21.1,10.6,224,0.8772,0.0818,4.71,0.642,0.355,-0.0395,0.961,18879.22,0.1836,1
syn_01610,32976.63,8835.02,0.2679,19724.11,12,22,19.6,13.5,264,0.8647,0.1171,4.61,0.615,0.312,-0.0096,0.99,18595.68,0.2709,1
syn_01611,73507.36,9255.42,0.1259,59624.24,12,18,24.5,16.0,392,0.9549,0.0451,4.93,0.571,0.362,0.0285,1.029,33509.3,0.122,0
syn_01612,66113.73,13137.05,0.1987,46408.16,12,42,28.8,21.6,622,0.9799,0.0105,4.95,0.315,0.393,-0.035,0.965,35963.57,0.1612,0
syn_01613,74158.27,13151.88,0.1773,54430.44,12,30,22.0,16.6,366,0.9229,0.0437,4.97,0.647,0.285,0.0811,1.081,39226.27,0.0677,0
syn_01614,33568.89,9210.91,0.2744,19752.53,12,16,19.8,9.9,196,0.9011,0.0662,4.52,0.589,0.438,-0.0713,0.929,16947.59,0.1403,1
syn_01615,46710.43,13939.64,0.2984,25800.97,10,10,19.3,11.5,222,0.8481,0.1406,4.58,0.582,0.341,-0.0169,0.983,20577.11,0.1165,1
syn_01616,29637.29,10493.17,0.3541,13897.53,12,17,19.3,11.6,224,0.906,0.0621,4.56,0.408,0.366,-0.1221,0.878,16148.31,0.1421,0
syn_01617,79503.41,9608.56,0.1209,65090.56,12,36,27.9,22.0,613,0.9612,0.0255,4.9,0.469,0.285,0.119,1.119,40506.74,0.0571,0
syn_01618,32597.87,10563.59,0.3241,16752.48,11,11,18.9,10.8,203,0.8254,0.1069,4.7,0.463,0.433,0.0458,1.046,15649.32,0.166,0
syn_01619,18366.54,8039.8,0.4377,7346.62,5,5,10.6,10.4,110,0.8083,0.1509,4.35,0.501,0.389,-0.1807,0.819,8699.51,0.3513,1
syn_01620,74460.12,14815.44,0.199,52236.96,12,27,23.6,15.8,374,0.9778,0.014,4.82,0.602,0.41,0.0397,1.04,41996.79,0.0629,0
syn_01621,17816.87,11084.26,0.6221,7126.75,3,3,13.3,7.0,92,0.685,0.1989,4.28,0.385,0.285,-0.2969,0.703,10306.74,0.5232,1
syn_01622,65372.64,9558.67,0.1462,51034.63,12,37,25.1,17.5,438,0.9504,0.0371,4.95,0.531,0.207,0.0766,1.077,31411.77,0.1454,0
syn_01623,20136.92,8329.38,0.4136,8054.77,3,3,9.8,9.8,95,0.7224,0.3082,4.21,0.689,0.229,-0.2731,0.727,9600.7,0.2859,1
syn_01624,51140.05,6011.41,0.1175,42122.93,12,30,22.2,20.9,463,0.9625,0.0508,4.87,0.432,0.377,0.0699,1.07,21396.88,0.182,0
syn_01625,23295.34,10295.41,0.442,9318.14,12,13,10.0,10.7,106,0.7238,0.1809,4.49,0.542,0.319,-0.3186,0.681,11064.06,0.3498,1
syn_01626,59186.71,6874.45,0.1161,48875.03,12,47,23.6,14.4,339,0.9899,0.0248,4.84,0.6,0.257,0.1243,1.124,31147.66,0.1483,0
syn_01627,37929.22,13909.5,0.3667,17064.97,12,22,22.8,13.1,299,0.8302,0.082,4.65,0.453,0.219,-0.0866,0.913,19682.59,0.2569,1
syn_01628,41715.25,12360.19,0.2963,23174.97,12,21,16.9,13.9,234,0.9142,0.0949,4.68,0.512,0.254,-0.0555,0.944,18050.39,0.1681,1
syn_01629,48871.31,7972.65,0.1631,36912.34,12,37,24.0,19.0,456,0.9299,0.0468,4.9,0.311,0.231,0.1442,1.144,26553.71,0.2292,0
syn_01630,46130.01,11546.2,0.2503,28810.7,12,22,18.7,9.3,173,0.8669,0.1278,4.7,0.392,0.28,-0.0352,0.965,24159.54,0.0992,0
syn_01631,46244.05,13763.33,0.2976,25599.06,12,19,19.6,11.8,231,0.9128,0.1292,4.71,0.594,0.205,-0.1194,0.881,23741.89,0.1892,1
syn_01632,36451.65,12573.89,0.3449,17590.82,11,11,22.1,11.7,259,0.9008,0.1305,4.6,0.608,0.262,-0.0348,0.965,21643.91,0.225,1
syn_01633,26883.13,13006.9,0.4838,10753.25,4,4,15.1,7.7,116,0.7752,0.1727,4.21,0.343,0.423,-0.32,0.68,14536.82,0.3283,1
syn_01634,71323.17,5790.76,0.0812,62637.03,12,40,23.5,17.4,410,0.9494,0.0559,4.83,0.632,0.226,0.1374,1.137,29037.76,0.1,0
syn_01635,33952.42,11703.84,0.3447,16396.66,10,10,21.1,9.2,194,0.8731,0.1109,4.52,0.387,0.408,-0.0348,0.965,20010.01,0.244,1
syn_01636,54383.51,11020.43,0.2026,37852.86,12,30,26.9,13.2,356,0.9207,0.0246,4.78,0.564,0.201,0.0761,1.076,22384.79,0.165,0
syn_01637,63973.75,10521.62,0.1645,48191.33,12,33,28.7,21.0,602,0.9276,0.0233,4.94,0.655,0.369,0.1149,1.115,29036.56,0.0856,0
syn_01638,71725.88,14643.79,0.2042,49760.2,12,39,23.6,21.9,515,0.9307,0.04,4.9,0.499,0.232,0.0338,1.034,30255.27,0.1014,0
syn_01639,78597.91,14695.62,0.187,56554.48,12,21,28.8,13.3,383,0.9676,0.0122,4.93,0.582,0.448,0.0262,1.026,38229.29,0.0491,0
syn_01640,73747.57,11871.28,0.161,55940.65,12,31,22.3,20.6,458,0.9236,0.0185,4.77,0.401,0.232,-0.0344,0.966,43436.91,0.0438,0
syn_01641,28378.98,8618.24,0.3037,15451.62,11,11,18.2,10.9,198,0.8645,0.1202,4.65,0.496,0.305,0.0656,1.066,14345.18,0.2504,1
syn_01642,46931.91,11900.05,0.2536,29081.84,12,22,17.8,13.9,247,0.8718,0.1008,4.68,0.517,0.402,-0.0116,0.988,22677.74,0.2093,1
syn_01643,47428.78,16300.28,0.3437,22978.36,12,18,18.7,13.1,245,0.8859,0.0612,4.62,0.337,0.308,0.0209,1.021,21061.97,0.1475,1
syn_01644,55753.0,9705.94,0.1741,41194.09,12,28,24.6,18.7,460,0.9745,0.0481,4.84,0.437,0.223,0.0636,1.064,23741.8,0.1264,0
syn_01645,66056.0,11358.34,0.172,49018.49,12,29,24.3,19.0,462,0.9856,0.0426,4.79,0.51,0.38,0.0659,1.066,28130.61,0.1192,0
syn_01646,51893.5,6441.5,0.1241,42231.25,12,34,26.6,14.4,383,0.9416,0.0452,4.9,0.484,0.227,-0.0318,0.968,29607.79,0.1579,0
syn_01647,25157.06,16240.1,0.6455,10062.83,4,4,17.0,7.6,128,0.7986,0.3411,4.17,0.315,0.402,-0.2062,0.794,11971.12,0.1908,1
syn_01648,50520.62,5818.54,0.1152,41792.81,12,37,27.1,15.5,419,0.9558,0.0558,4.76,0.698,0.245,0.1122,1.112,29031.22,0.071,0
syn_01649,19989.2,11632.43,0.5819,7995.68,12,13,15.2,7.4,112,0.6775,0.2311,4.42,0.419,0.304,-0.1158,0.884,11294.04,0.2828,1
syn_01650,35139.03,13230.28,0.3765,15293.6,11,11,20.5,11.0,224,0.8864,0.1289,4.65,0.579,0.219,-0.0949,0.905,15441.15,0.1139,1
syn_01651,35793.37,9291.96,0.2596,21855.42,12,21,20.1,14.0,280,0.8249,0.1137,4.66,0.307,0.359,-0.0115,0.989,16956.21,0.2207,1
syn_01652,39962.66,13060.52,0.3268,20371.88,11,11,17.8,11.8,209,0.911,0.0984,4.66,0.44,0.257,-0.1419,0.858,23327.74,0.1118,1
syn_01653,32929.85,10082.67,0.3062,17805.85,10,10,18.3,12.5,229,0.8538,0.0954,4.72,0.614,0.338,0.0534,1.053,14062.16,0.2723,1
syn_01654,72338.73,14094.63,0.1948,51196.78,12,42,23.3,15.4,360,0.9407,0.0354,4.78,0.642,0.206,0.0271,1.027,39572.72,0.0641,0
syn_01655,29704.98,10724.0,0.361,13618.99,8,8,21.1,13.9,293,0.8674,0.1374,4.54,0.331,0.211,-0.0926,0.907,13084.82,0.1618,1
syn_01656,70303.68,11158.1,0.1587,53566.53,12,18,23.5,15.1,354,0.9768,0.0351,4.91,0.352,0.302,0.0406,1.041,28537.63,0.0731,0
syn_01657,77870.08,15833.23,0.2033,54120.23,12,24,23.4,16.2,378,0.9734,0.0204,4.89,0.415,0.212,0.09,1.09,35720.43,0.1141,0
syn_01658,44914.14,15689.33,0.3493,21380.14,9,9,16.2,13.3,215,0.9062,0.1195,4.51,0.492,0.417,0.0473,1.047,23548.92,0.1869,1
syn_01659,75668.36,6331.97,0.0837,66170.41,12,21,28.4,15.8,446,0.9556,0.0166,4.96,0.543,0.432,0.1,1.1,35061.25,0.1496,0
syn_01660,78752.28,7980.16,0.1013,66782.05,12,39,28.0,16.8,470,0.9713,0.0247,4.83,0.7,0.351,-0.0446,0.955,34439.12,0.1491,0
syn_01661,20062.87,11923.13,0.5943,8025.15,3,3,9.9,7.9,78,0.7253,0.1854,4.23,0.602,0.209,-0.0599,0.94,11181.33,0.2962,1
syn_01662,76955.27,12644.37,0.1643,57988.72,12,41,22.4,16.6,370,0.9252,0.0474,4.76,0.485,0.378,-0.0129,0.987,39052.51,0.0877,0
syn_01663,57707.82,7473.62,0.1295,46497.39,12,34,26.3,17.4,457,0.9706,0.038,4.93,0.312,0.309,0.0387,1.039,26892.17,0.1286,0
syn_01664,45540.33,12575.89,0.2761,26676.5,12,23,19.6,9.3,182,0.8441,0.1297,4.53,0.646,0.387,-0.0907,0.909,19820.47,0.2122,1
syn_01665,62215.81,7687.46,0.1236,50684.61,12,33,27.8,17.2,478,0.9242,0.0237,4.8,0.522,0.435,0.1275,1.127,30356.63,0.1419,0
syn_01666,23702.08,16080.41,0.6784,9480.83,12,13,12.2,10.2,124,0.8046,0.3299,4.45,0.393,0.32,-0.228,0.772,12638.16,0.2234,1
syn_01667,46714.51,16457.46,0.3523,22028.33,12,17,21.5,12.5,268,0.9034,0.0837,4.55,0.348,0.314,0.0631,1.063,21754.71,0.1747,0
syn_01668,68309.94,14620.01,0.214,46379.93,12,34,26.6,21.0,556,0.9589,0.0413,4.77,0.517,0.421,-0.0233,0.977,35579.74,0.1203,0
syn_01669,20132.76,11934.58,0.5928,8053.1,4,4,11.4,6.6,75,0.7883,0.3459,4.42,0.661,0.389,-0.1929,0.807,9906.74,0.3334,1
syn_01670,33687.89,7958.15,0.2362,21750.66,12,23,21.8,15.0,326,0.8778,0.0653,4.7,0.481,0.425,-0.133,0.867,18342.84,0.2149,0
syn_01671,78307.81,8471.65,0.1082,65600.33,12,29,26.0,16.5,429,0.9742,0.0165,4.85,0.545,0.43,0.0898,1.09,46067.99,0.0851,1
syn_01672,71317.4,6412.03,0.0899,61699.36,12,35,22.2,17.2,380,0.9754,0.018,4.94,0.387,0.325,0.0813,1.081,35432.97,0.084,0
syn_01673,28870.44,6429.22,0.2227,19226.62,10,10,18.3,9.4,172,0.9004,0.1498,4.52,0.458,0.324,-0.0505,0.95,16548.59,0.1439,0
syn_01674,76778.7,7020.65,0.0914,66247.73,12,18,28.7,14.2,407,0.9623,0.06,4.78,0.332,0.259,0.0348,1.035,45572.92,0.1306,0
syn_01675,53774.61,4606.38,0.0857,46865.05,12,45,26.1,16.1,420,0.9484,0.016,4.92,0.31,0.254,0.0703,1.07,30419.49,0.1167,0
syn_01676,28267.52,7949.7,0.2812,16342.98,12,23,16.4,10.9,179,0.8606,0.1429,4.52,0.316,0.437,0.0287,1.029,12374.04,0.2255,1
syn_01677,76085.37,6936.53,0.0912,65680.57,12,35,25.9,20.4,528,0.989,0.0462,4.81,0.486,0.44,0.0899,1.09,34999.79,0.1229,0
syn_01678,26828.06,17906.71,0.6675,10731.23,12,12,15.6,9.2,142,0.6541,0.1678,4.16,0.425,0.398,-0.3429,0.657,11161.83,0.1895,1
syn_01679,76304.07,9722.11,0.1274,61720.91,12,22,26.9,15.6,419,0.955,0.0508,4.79,0.317,0.321,0.1455,1.145,37633.03,0.0476,0
syn_01680,31760.27,10080.99,0.3174,16638.78,12,16,22.4,12.7,285,0.8921,0.0903,4.55,0.583,0.384,-0.0912,0.909,17276.19,0.2267,1
syn_01681,69526.02,5678.94,0.0817,61007.62,12,40,22.4,18.8,421,0.9469,0.0173,4.76,0.59,0.271,-0.0181,0.982,31598.66,0.1671,0
syn_01682,36089.66,8179.65,0.2266,23820.18,10,10,17.5,9.4,165,0.8588,0.1359,4.59,0.669,0.214,0.0413,1.041,17976.05,0.22,1
syn_01683,36820.83,9870.35,0.2681,22015.31,12,17,19.0,14.2,270,0.9037,0.1447,4.58,0.511,0.342,-0.061,0.939,15148.46,0.1117,0
syn_01684,77382.68,12243.53,0.1582,59017.38,12,32,23.8,13.3,315,0.9435,0.0386,4.76,0.612,0.33,0.072,1.072,34304.74,0.0996,0
syn_01685,53123.83,8275.92,0.1558,40709.94,12,46,24.2,17.7,430,0.9587,0.0145,4.9,0.571,0.215,0.0769,1.077,30911.07,0.1868,0
syn_01686,72777.32,12391.54,0.1703,54190.01,12,43,28.1,19.4,544,0.9564,0.059,4.91,0.304,0.249,0.0703,1.07,30531.36,0.0918,0
syn_01687,74428.12,12743.15,0.1712,55313.4,12,27,23.2,20.1,465,0.9553,0.0356,4.83,0.375,0.228,0.1229,1.123,43255.54,0.0788,0
syn_01688,35322.99,13725.11,0.3886,14735.32,12,18,22.8,10.2,233,0.8777,0.0605,4.68,0.344,0.21,-0.0547,0.945,15879.65,0.1461,0
syn_01689,73389.42,11481.68,0.1564,56166.9,12,36,26.1,20.2,526,0.957,0.0406,4.87,0.439,0.445,0.1261,1.126,40158.79,0.0698,0
syn_01690,16849.89,11208.55,0.6652,6739.95,12,13,11.6,5.1,59,0.7165,0.2469,4.15,0.436,0.431,-0.1887,0.811,8837.26,0.5102,1
syn_01691,56467.18,11583.28,0.2051,39092.26,12,31,22.7,16.7,378,0.9485,0.0544,4.8,0.437,0.253,0.079,1.079,23106.65,0.0746,0
syn_01692,35195.82,13959.77,0.3966,14256.17,12,23,17.0,14.6,249,0.855,0.0942,4.62,0.312,0.276,0.0152,1.015,17741.59,0.2363,1
syn_01693,65865.59,11815.36,0.1794,48142.55,12,34,27.0,15.1,408,0.9739,0.011,4.91,0.389,0.354,-0.0296,0.97,32575.57,0.1452,1
syn_01694,33175.23,10740.39,0.3237,17064.64,12,14,20.4,11.5,234,0.9077,0.1071,4.51,0.691,0.28,-0.0987,0.901,15275.7,0.2021,1
syn_01695,76316.5,14533.47,0.1904,54516.29,12,18,23.4,21.4,500,0.9421,0.0446,4.94,0.514,0.218,0.0982,1.098,32598.22,0.1475,0
syn_01696,36110.34,9567.89,0.265,21758.51,12,23,16.1,10.4,168,0.89,0.142,4.52,0.586,0.409,-0.0228,0.977,19670.16,0.2263,1
syn_01697,57657.06,6332.28,0.1098,48158.64,12,40,23.3,16.2,378,0.9225,0.0241,4.9,0.585,0.202,0.0796,1.08,31279.93,0.0635,0
syn_01698,52083.49,11159.7,0.2143,35343.94,12,22,24.6,17.7,437,0.9714,0.0124,4.81,0.603,0.274,0.1164,1.116,27365.18,0.2066,0
syn_01699,60395.03,5273.01,0.0873,52485.52,12,25,25.4,19.7,498,0.956,0.0136,4.85,0.533,0.272,0.0918,1.092,35514.12,0.0583,0
syn_01700,30642.31,8195.18,0.2674,18349.55,12,13,20.5,9.3,190,0.8473,0.0787,4.55,0.667,0.215,0.007,1.007,13998.23,0.2922,1
syn_01701,59918.45,8300.34,0.1385,47467.95,12,30,23.4,14.3,336,0.9556,0.0564,4.84,0.628,0.347,-0.0413,0.959,32462.56,0.1561,0
syn_01702,51977.87,10949.77,0.2107,35553.21,12,27,26.5,13.2,350,0.9664,0.0324,4.97,0.375,0.375,0.1138,1.114,23700.75,0.0874,0
syn_01703,68690.81,11601.75,0.1689,51288.18,12,18,23.0,16.1,371,0.961,0.0169,4.95,0.415,0.402,-0.0445,0.955,39619.39,0.0571,0
syn_01704,49251.7,4035.91,0.0819,43197.83,12,26,24.5,14.8,361,0.9388,0.051,4.79,0.478,0.232,0.106,1.106,26335.42,0.1843,0
syn_01705,26443.12,17019.44,0.6436,10577.25,9,9,9.6,6.2,60,0.6747,0.3145,4.46,0.497,0.36,-0.1916,0.808,15148.65,0.1899,1
syn_01706,55110.41,10353.84,0.1879,39579.65,12,28,26.9,16.2,436,0.9425,0.0101,4.76,0.502,0.296,0.0747,1.075,28273.81,0.1385,0
syn_01707,66439.94,6175.22,0.0929,57177.11,12,42,26.5,16.8,446,0.9768,0.0559,4.89,0.66,0.25,0.0963,1.096,32419.3,0.0528,0
syn_01708,74331.16,14797.0,0.1991,52135.66,12,38,26.5,20.5,543,0.969,0.0144,4.93,0.429,0.242,-0.0141,0.986,38731.73,0.069,0
syn_01709,63133.15,11843.95,0.1876,45367.22,12,18,28.0,20.4,571,0.9492,0.0465,4.82,0.641,0.357,-0.0389,0.961,29687.78,0.1439,0
syn_01710,33957.29,7976.93,0.2349,21991.9,12,20,17.2,9.6,164,0.8443,0.1014,4.73,0.573,0.232,0.0506,1.051,20210.62,0.2448,1
syn_01711,35082.09,12670.55,0.3612,16076.26,12,22,17.0,13.1,223,0.8221,0.0736,4.68,0.655,0.399,0.0137,1.014,17699.87,0.2237,0
syn_01712,30412.18,7697.67,0.2531,18865.68,12,17,21.7,13.8,300,0.8814,0.0995,4.51,0.343,0.33,-0.0747,0.925,15292.36,0.2145,1
syn_01713,75579.65,10689.23,0.1414,59545.8,12,47,29.0,17.6,511,0.9317,0.0378,4.8,0.414,0.223,0.0773,1.077,33463.67,0.1513,0
syn_01714,72037.8,6363.39,0.0883,62492.71,12,39,24.4,15.6,380,0.9273,0.0281,4.82,0.358,0.424,0.0769,1.077,36669.52,0.152,0
syn_01715,51406.84,6341.3,0.1234,41894.9,12,23,25.9,21.9,566,0.9755,0.029,4.88,0.353,0.25,0.0747,1.075,23272.37,0.2024,0
syn_01716,36185.25,15052.27,0.416,14474.1,12,21,17.5,11.5,201,0.8579,0.1437,4.57,0.422,0.403,-0.0417,0.958,17938.72,0.1416,1
syn_01717,24833.52,11465.88,0.4617,9933.41,3,3,10.4,8.6,89,0.77,0.2229,4.12,0.509,0.329,-0.0774,0.923,13550.82,0.3283,1
syn_01718,57563.59,9282.55,0.1613,43639.76,12,41,23.9,16.8,402,0.9345,0.0417,4.85,0.534,0.302,-0.0468,0.953,29114.12,0.0565,0
syn_01719,38574.72,14561.02,0.3775,16733.19,12,23,21.3,14.5,309,0.8414,0.1345,4.73,0.422,0.244,-0.0597,0.94,15799.93,0.1525,1
syn_01720,74423.89,10715.84,0.144,58350.13,12,34,27.7,15.8,437,0.9603,0.0204,4.84,0.314,0.227,0.1215,1.122,32594.1,0.0664,0
syn_01721,41082.91,14783.27,0.3598,18908.01,12,12,18.4,11.8,218,0.8604,0.1453,4.58,0.415,0.314,-0.1078,0.892,19148.62,0.1508,1
syn_01722,34743.3,10731.8,0.3089,18645.6,12,22,22.3,11.2,248,0.8681,0.1414,4.7,0.7,0.394,-0.094,0.906,18393.39,0.1712,1
syn_01723,70319.62,9458.73,0.1345,56131.52,12,18,26.4,18.5,487,0.9537,0.0572,4.76,0.591,0.26,0.0924,1.092,32153.08,0.0951,0
syn_01724,66567.48,12040.75,0.1809,48506.36,12,25,24.3,18.4,448,0.9777,0.0147,4.91,0.629,0.211,0.0146,1.015,32675.92,0.0616,0
syn_01725,66846.14,12178.31,0.1822,48578.68,12,33,23.8,20.6,490,0.9867,0.035,4.92,0.561,0.253,0.055,1.055,35747.82,0.0542,0
syn_01726,45903.01,17814.24,0.3881,19181.65,9,9,20.8,9.4,195,0.8409,0.1373,4.53,0.53,0.293,-0.1141,0.886,25024.69,0.1582,1
syn_01727,60384.4,11040.22,0.1828,43824.07,12,34,22.7,18.6,422,0.9506,0.0303,4.8,0.459,0.267,-0.0439,0.956,32288.62,0.176,0
syn_01728,23648.66,12211.47,0.5164,9459.46,10,10,15.8,9.3,146,0.6981,0.2659,4.28,0.434,0.286,-0.348,0.652,13608.24,0.361,1
syn_01729,61068.15,6444.28,0.1055,51401.72,12,47,26.3,15.1,397,0.9274,0.0125,4.76,0.535,0.207,0.0362,1.036,34374.71,0.112,0
syn_01730,20849.67,9819.49,0.471,8339.87,6,6,14.8,7.9,117,0.6725,0.1619,4.4,0.412,0.269,-0.2789,0.721,10427.22,0.2489,1
syn_01731,40334.55,16577.61,0.411,16133.82,10,10,21.9,9.4,205,0.852,0.0728,4.74,0.304,0.303,0.0768,1.077,18798.33,0.1341,1
syn_01732,16660.66,7420.54,0.4454,6664.26,12,12,12.3,9.7,118,0.754,0.2479,4.35,0.508,0.274,-0.3211,0.679,6690.71,0.4134,1
syn_01733,66479.13,13249.9,0.1993,46604.28,12,35,24.7,17.6,436,0.9208,0.0495,4.81,0.424,0.209,0.1133,1.113,39744.04,0.0811,0
syn_01734,64617.94,6442.86,0.0997,54953.65,12,24,25.0,18.4,459,0.9243,0.0299,4.82,0.364,0.271,-0.0019,0.998,31164.69,0.1306,0
syn_01735,62754.1,7922.15,0.1262,50870.88,12,34,27.5,13.8,380,0.9882,0.0158,4.93,0.694,0.247,0.0236,1.024,36721.57,0.1719,0
syn_01736,31087.47,7882.41,0.2536,19263.85,12,16,22.9,11.7,268,0.8326,0.0793,4.57,0.431,0.218,-0.0325,0.968,15823.45,0.1934,1
syn_01737,24839.7,12217.57,0.4919,9935.88,5,5,12.8,6.7,86,0.7684,0.3174,4.22,0.505,0.228,-0.2773,0.723,13934.31,0.3183,1
syn_01738,32342.3,9401.16,0.2907,18240.56,12,15,19.4,9.5,185,0.9158,0.1199,4.53,0.593,0.381,0.0393,1.039,15545.01,0.1835,1
syn_01739,33074.08,9808.86,0.2966,18360.78,11,11,17.0,11.0,187,0.8884,0.1348,4.58,0.614,0.205,-0.0963,0.904,13952.6,0.272,1
syn_01740,35574.16,13160.78,0.37,15832.98,12,17,19.0,13.1,248,0.8717,0.0824,4.65,0.695,0.356,0.0195,1.019,18640.08,0.2767,1
syn_01741,19446.44,8223.12,0.4229,7778.58,4,4,15.7,10.3,161,0.7352,0.1792,4.15,0.544,0.306,-0.1736,0.826,8965.63,0.3616,1
syn_01742,20183.03,9371.96,0.4643,8073.21,10,10,16.2,5.1,82,0.7056,0.3381,4.37,0.399,0.248,-0.1902,0.81,8745.81,0.2734,1
syn_01743,67265.01,11387.78,0.1693,50183.34,12,46,28.7,15.1,432,0.9204,0.0399,4.87,0.433,0.288,0.0455,1.046,34245.49,0.0529,0
syn_01744,77847.39,12489.17,0.1604,59113.64,12,47,28.9,21.9,632,0.9449,0.0323,4.97,0.436,0.257,0.0717,1.072,35975.14,0.0632,0
syn_01745,76182.68,9251.52,0.1214,62305.4,12,18,22.6,13.8,311,0.9589,0.0596,4.78,0.426,0.429,-0.0301,0.97,37126.39,0.0912,0
syn_01746,73873.69,14534.95,0.1968,52071.26,12,25,22.8,21.8,495,0.9685,0.0236,4.85,0.63,0.291,0.0094,1.009,40022.13,0.0589,0
syn_01747,68625.78,12711.3,0.1852,49558.83,12,32,24.3,18.3,443,0.9473,0.0458,4.79,0.484,0.305,0.0014,1.001,28968.11,0.0996,0
syn_01748,44828.96,15871.2,0.354,21022.17,12,20,20.5,14.7,301,0.8584,0.135,4.73,0.535,0.249,-0.0369,0.963,23517.09,0.1868,1
syn_01749,50752.58,4276.41,0.0843,44337.96,12,44,26.2,16.0,419,0.9493,0.0303,4.77,0.343,0.327,-0.0493,0.951,28240.78,0.2184,0
syn_01750,43216.84,13461.65,0.3115,23024.36,12,19,17.2,11.8,203,0.8848,0.1148,4.52,0.607,0.302,-0.1351,0.865,24617.99,0.2266,1
syn_01751,66206.4,9493.16,0.1434,51966.66,12,32,28.4,15.6,442,0.9663,0.0156,4.84,0.667,0.256,0.0982,1.098,31914.52,0.0759,0
syn_01752,53426.32,4952.32,0.0927,45997.83,12,24,27.6,17.5,481,0.9472,0.0575,4.84,0.417,0.329,-0.0166,0.983,29502.37,0.1023,0
syn_01753,42203.16,11020.01,0.2611,25673.14,12,20,16.8,12.3,206,0.8399,0.0676,4.63,0.578,0.324,-0.0748,0.925,22669.92,0.2023,1
syn_01754,56686.76,12044.13,0.2125,38620.58,12,29,24.2,13.6,328,0.9317,0.0529,4.88,0.371,0.237,0.1058,1.106,24678.74,0.1813,0
syn_01755,39160.96,12519.59,0.3197,20381.58,12,13,20.2,9.2,185,0.8233,0.1249,4.55,0.347,0.297,0.0,1.0,15806.98,0.1859,1
syn_01756,37689.43,9622.33,0.2553,23255.93,12,17,21.6,10.6,230,0.902,0.115,4.59,0.53,0.317,-0.1407,0.859,15911.94,0.1431,1
syn_01757,40886.1,11508.65,0.2815,23623.12,12,15,21.9,13.2,288,0.853,0.1348,4.62,0.357,0.224,-0.1098,0.89,18810.83,0.1092,1
syn_01758,78775.56,8963.91,0.1138,65329.69,12,43,27.3,18.2,496,0.9222,0.0371,4.94,0.364,0.409,0.0052,1.005,43543.03,0.1406,0
syn_01759,64999.46,9573.01,0.1473,50639.95,12,41,27.6,16.8,464,0.9761,0.015,4.9,0.343,0.234,0.0905,1.091,36083.49,0.1706,0
syn_01760,35646.82,13748.88,0.3857,15023.5,12,19,16.6,12.7,211,0.9068,0.1355,4.59,0.606,0.22,0.0214,1.021,15398.44,0.1842,1
syn_01761,40199.53,14436.79,0.3591,18544.35,12,16,22.4,13.7,307,0.842,0.1343,4.53,0.424,0.301,-0.0069,0.993,23306.71,0.2313,1
syn_01762,22534.86,9163.51,0.4066,9013.94,5,5,10.7,9.6,102,0.7014,0.347,4.31,0.515,0.299,-0.195,0.805,9209.87,0.2077,1
syn_01763,69186.84,7029.41,0.1016,58642.72,12,37,25.5,20.1,512,0.951,0.0183,4.82,0.697,0.441,-0.0075,0.992,36287.37,0.0597,0
syn_01764,28448.15,11001.14,0.3867,11946.45,12,12,16.4,10.2,167,0.8744,0.0761,4.71,0.592,0.289,0.0287,1.029,12425.43,0.3,1
syn_01765,42111.73,17452.01,0.4144,16844.69,9,9,16.3,9.6,155,0.8324,0.0988,4.57,0.603,0.395,0.0356,1.036,21186.1,0.1625,1
syn_01766,54819.14,7083.95,0.1292,44193.21,12,22,24.0,19.0,457,0.978,0.0196,4.88,0.377,0.222,0.0236,1.024,26085.6,0.1378,0
syn_01767,31258.05,7608.76,0.2434,19844.92,12,14,19.9,10.8,215,0.9197,0.0965,4.55,0.387,0.426,-0.0054,0.995,15666.0,0.1749,0
syn_01768,31612.05,8721.99,0.2759,18529.07,12,13,18.3,12.3,226,0.8246,0.1423,4.52,0.546,0.257,-0.0858,0.914,17344.44,0.1473,1
syn_01769,24797.44,16149.15,0.6512,9918.98,11,11,14.0,8.0,111,0.7136,0.187,4.33,0.568,0.361,-0.0832,0.917,10317.69,0.3012,1
syn_01770,79316.1,6848.26,0.0863,69043.72,12,22,25.3,16.8,425,0.9452,0.0491,4.92,0.698,0.442,0.131,1.131,38639.96,0.0827,0
syn_01771,28463.72,10959.78,0.385,12024.06,10,10,21.9,13.5,294,0.848,0.1176,4.58,0.565,0.341,-0.0464,0.954,11877.11,0.2211,1
syn_01772,17868.33,11171.84,0.6252,7147.33,4,4,12.0,6.0,71,0.7356,0.2769,4.12,0.413,0.36,-0.2625,0.737,8861.82,0.4783,1
syn_01773,69650.43,10168.48,0.146,54397.71,12,42,28.4,16.5,469,0.9365,0.0431,4.88,0.476,0.299,0.017,1.017,36243.15,0.0875,0
syn_01774,50742.29,5964.69,0.1175,41795.26,12,26,24.2,17.9,434,0.9742,0.0298,4.97,0.539,0.232,0.1155,1.115,21553.27,0.2338,0
syn_01775,38138.64,13678.71,0.3587,17620.58,12,17,19.1,12.1,232,0.8598,0.1246,4.72,0.379,0.31,0.0434,1.043,22778.02,0.2285,0
syn_01776,36318.44,12919.37,0.3557,16939.39,12,18,19.8,10.7,211,0.8846,0.0784,4.67,0.506,0.361,-0.1493,0.851,18877.83,0.2008,1
syn_01777,24322.95,12970.68,0.5333,9729.18,12,12,12.1,5.2,63,0.711,0.3182,4.26,0.542,0.337,-0.2115,0.788,13260.23,0.2409,1
syn_01778,43429.08,13890.69,0.3198,22593.03,12,20,18.5,14.6,269,0.8254,0.0737,4.6,0.494,0.306,-0.0088,0.991,19809.54,0.0932,0
syn_01779,51478.78,6205.73,0.1205,42170.18,12,22,27.0,18.3,493,0.9536,0.0386,4.88,0.603,0.346,0.0114,1.011,21654.21,0.0753,0
syn_01780,57777.16,5737.54,0.0993,49170.84,12,44,22.6,19.5,440,0.9693,0.045,4.96,0.425,0.439,0.0198,1.02,27507.76,0.1393,0
syn_01781,68252.35,13265.9,0.1944,48353.5,12,40,22.2,13.7,304,0.9249,0.0396,4.89,0.465,0.205,0.1312,1.131,40022.51,0.1056,0
syn_01782,78782.17,7444.99,0.0945,67614.68,12,35,22.9,19.3,441,0.9667,0.0225,4.94,0.436,0.247,-0.0242,0.976,44101.76,0.1438,0
syn_01783,63709.49,10988.93,0.1725,47226.09,12,38,24.6,13.3,325,0.9882,0.051,4.77,0.356,0.39,0.0398,1.04,35797.16,0.1368,0
syn_01784,71612.11,13108.57,0.183,51949.25,12,25,23.9,20.9,499,0.9682,0.0273,4.85,0.516,0.352,0.0953,1.095,36253.47,0.0685,0
syn_01785,61126.57,9442.71,0.1545,46962.51,12,23,27.5,18.9,518,0.9499,0.0587,4.77,0.417,0.371,-0.0086,0.991,33881.58,0.0993,0
syn_01786,17367.05,9741.7,0.5609,6946.82,11,11,9.2,6.9,63,0.787,0.2359,4.16,0.44,0.434,-0.2184,0.782,9054.52,0.3161,1
syn_01787,43214.57,15221.61,0.3522,20382.16,12,21,19.5,9.0,175,0.8813,0.092,4.53,0.434,0.236,-0.0477,0.952,17617.04,0.1947,1
syn_01788,53100.58,6695.5,0.1261,43057.33,12,44,25.3,20.6,520,0.9856,0.0313,4.96,0.374,0.322,-0.0177,0.982,21779.19,0.0831,0
syn_01789,45279.39,15119.43,0.3339,22600.24,12,21,22.1,12.1,266,0.8807,0.1283,4.61,0.313,0.386,-0.1331,0.867,21517.27,0.1347,1
syn_01790,70372.14,13934.38,0.198,49470.57,12,21,22.1,15.1,334,0.9862,0.0293,4.97,0.659,0.445,0.0048,1.005,39209.83,0.0705,0
syn_01791,26009.54,15385.88,0.5915,10403.82,12,12,15.6,6.3,97,0.7159,0.2746,4.47,0.464,0.305,-0.1519,0.848,13140.28,0.3343,1
syn_01792,63893.32,7715.26,0.1208,52320.43,12,18,28.5,13.8,392,0.9522,0.0574,4.96,0.336,0.397,0.0903,1.09,34748.62,0.13,0
syn_01793,59443.03,8619.61,0.145,46513.61,12,38,25.9,20.2,523,0.9348,0.0299,4.78,0.348,0.318,-0.0348,0.965,33417.79,0.142,0
syn_01794,30888.46,10708.96,0.3467,14825.02,12,18,18.8,11.8,222,0.9001,0.0899,4.54,0.573,0.4,0.0509,1.051,16716.65,0.1707,0
syn_01795,52028.26,8103.17,0.1557,39873.51,12,28,24.0,19.2,461,0.92,0.013,4.85,0.57,0.234,0.1416,1.142,20873.65,0.2118,0
syn_01796,63198.95,6904.41,0.1092,52842.32,12,19,22.6,16.7,378,0.9446,0.0369,4.92,0.535,0.439,-0.0275,0.973,37587.07,0.1601,0
syn_01797,38350.84,11472.91,0.2992,21141.47,10,10,19.4,10.2,197,0.8701,0.0735,4.69,0.553,0.293,-0.0134,0.987,16187.01,0.1166,1
syn_01798,15508.33,10604.22,0.6838,6203.33,3,3,16.7,5.2,86,0.7717,0.1865,4.39,0.318,0.207,-0.0894,0.911,8564.43,0.3227,1
syn_01799,37864.23,14296.35,0.3776,16419.7,12,12,19.5,11.6,225,0.8212,0.1111,4.53,0.407,0.416,0.0259,1.026,17613.02,0.1465,1
syn_01800,67525.47,13126.04,0.1944,47836.41,12,23,24.5,18.9,462,0.959,0.0132,4.89,0.466,0.202,0.1128,1.113,40114.99,0.1767,0
syn_01801,35571.34,9685.13,0.2723,21043.64,9,9,18.5,12.0,221,0.8559,0.1097,4.56,0.446,0.361,-0.0039,0.996,19748.73,0.2565,1
syn_01802,65043.59,5391.19,0.0829,56956.8,12,29,25.6,18.9,482,0.9731,0.0157,4.98,0.653,0.33,0.0712,1.071,35785.78,0.0964,0
syn_01803,35763.05,9914.77,0.2772,20890.89,12,13,20.9,11.2,233,0.8391,0.0932,4.71,0.559,0.372,0.0198,1.02,14971.78,0.168,1
syn_01804,40446.07,13590.27,0.336,20060.66,11,11,22.6,10.4,234,0.8259,0.1188,4.69,0.344,0.217,-0.0849,0.915,23786.04,0.1836,0
syn_01805,51109.11,9416.89,0.1843,36983.77,12,30,28.3,15.3,434,0.964,0.0121,4.84,0.677,0.338,0.0086,1.009,24075.22,0.099,0
syn_01806,70898.29,11014.0,0.1553,54377.3,12,28,28.5,15.1,432,0.9417,0.0258,4.94,0.464,0.328,-0.0302,0.97,36476.03,0.1002,0
syn_01807,78695.61,17080.73,0.217,53074.52,12,33,25.7,17.6,453,0.94,0.0599,4.81,0.529,0.272,0.0406,1.041,41720.76,0.0385,0
syn_01808,34672.02,12201.07,0.3519,16370.42,8,8,22.4,10.4,232,0.8741,0.1084,4.72,0.359,0.444,-0.1384,0.862,19537.92,0.1888,1
syn_01809,54568.14,11480.12,0.2104,37347.96,12,46,26.6,14.0,372,0.9607,0.0259,4.84,0.675,0.21,0.038,1.038,25493.05,0.1247,0
syn_01810,66900.65,7954.93,0.1189,54968.25,12,30,23.8,19.1,455,0.9621,0.0184,4.95,0.487,0.242,0.086,1.086,30993.4,0.0936,0
syn_01811,52823.54,8910.93,0.1687,39457.13,12,28,26.7,14.3,383,0.9217,0.0496,4.75,0.588,0.262,0.0188,1.019,23045.41,0.1411,0
syn_01812,69723.34,6095.72,0.0874,60579.76,12,34,22.4,20.1,449,0.9802,0.0402,4.85,0.379,0.305,0.1191,1.119,33751.76,0.1371,0
syn_01813,64500.19,6686.94,0.1037,54469.79,12,28,27.6,14.3,395,0.9537,0.0473,4.86,0.414,0.413,0.0222,1.022,27752.23,0.1128,0
syn_01814,41182.64,16110.68,0.3912,17016.63,12,17,21.1,10.3,216,0.8667,0.1482,4.64,0.422,0.361,0.0658,1.066,19223.87,0.2156,1
syn_01815,72334.62,8947.67,0.1237,58913.12,12,41,26.9,17.5,469,0.9426,0.0306,4.96,0.627,0.256,0.0219,1.022,38311.2,0.0772,0
syn_01816,47569.06,14789.94,0.3109,25384.15,10,10,21.8,13.6,296,0.8914,0.1345,4.53,0.661,0.229,0.0061,1.006,21064.8,0.1176,0
syn_01817,51913.48,4866.25,0.0937,44614.11,12,28,24.7,21.9,541,0.9598,0.0411,4.86,0.455,0.348,0.0825,1.082,25035.82,0.2236,0
syn_01818,75989.81,9274.42,0.122,62078.17,12,22,24.1,16.5,397,0.9877,0.0142,4.94,0.352,0.236,0.0183,1.018,30521.22,0.1401,0
syn_01819,33208.43,8663.4,0.2609,20213.32,10,10,18.5,9.4,174,0.9057,0.1374,4.6,0.581,0.287,-0.0092,0.991,14948.72,0.2364,1
syn_01820,65563.09,8550.86,0.1304,52736.81,12,26,25.8,16.7,429,0.9786,0.0137,4.88,0.412,0.418,0.0651,1.065,33817.17,0.0984,0
syn_01821,25047.15,14430.75,0.5761,10018.86,10,10,13.2,10.8,142,0.6981,0.1724,4.22,0.425,0.215,-0.1656,0.834,10475.65,0.2166,1
syn_01822,78276.38,10523.98,0.1344,62490.41,12,32,26.5,16.8,446,0.9233,0.0352,4.77,0.345,0.376,0.1267,1.127,41037.94,0.1249,0
syn_01823,33685.55,9187.71,0.2727,19903.99,12,21,19.6,14.8,290,0.9121,0.0924,4.69,0.503,0.411,0.0619,1.062,14617.54,0.1652,1
syn_01824,56056.83,8901.86,0.1588,42704.04,12,21,26.1,18.2,474,0.9254,0.0477,4.96,0.57,0.38,0.0521,1.052,23386.74,0.1689,0
syn_01825,74949.6,9103.59,0.1215,61294.22,12,35,28.3,18.6,525,0.9496,0.0412,4.84,0.359,0.384,0.1176,1.118,31460.65,0.0979,0
syn_01826,67086.51,14178.22,0.2113,45819.18,12,43,28.1,13.7,383,0.9296,0.0401,4.87,0.649,0.402,-0.0163,0.984,32684.67,0.0621,0
syn_01827,28952.82,9553.5,0.33,14622.57,8,8,23.0,11.1,253,0.8544,0.0721,4.67,0.627,0.371,-0.0013,0.999,14665.11,0.1592,1
syn_01828,46011.77,13701.26,0.2978,25459.88,12,21,17.2,13.9,239,0.8414,0.1436,4.51,0.697,0.257,0.0619,1.062,20477.61,0.1638,1
syn_01829,78095.15,11233.53,0.1438,61244.86,12,19,26.7,19.2,512,0.9812,0.0432,4.88,0.683,0.283,0.0921,1.092,43953.07,0.125,0
syn_01830,32401.8,11115.8,0.3431,15728.1,12,16,22.8,9.7,221,0.8707,0.0646,4.58,0.664,0.276,-0.0073,0.993,14708.29,0.2792,1
syn_01831,45972.72,17446.03,0.3795,19803.67,12,15,22.3,10.3,229,0.8868,0.1265,4.69,0.342,0.437,-0.0341,0.966,25179.89,0.0885,0
syn_01832,54885.02,11001.51,0.2004,38382.75,12,30,27.2,16.2,440,0.9677,0.0192,4.84,0.412,0.261,0.0254,1.025,23311.73,0.0937,0
syn_01833,64856.68,7710.13,0.1189,53291.48,12,28,26.9,16.7,449,0.9421,0.057,4.81,0.607,0.37,0.0297,1.03,35785.34,0.0993,0
syn_01834,56548.44,5112.22,0.0904,48880.12,12,33,24.3,17.5,424,0.924,0.0144,4.81,0.405,0.217,0.0234,1.023,32595.81,0.1157,0
syn_01835,70510.65,9451.72,0.134,56333.07,12,20,24.3,14.1,343,0.9359,0.0216,4.98,0.353,0.311,0.1171,1.117,33607.68,0.0445,0
syn_01836,47552.58,17934.39,0.3771,20651.0,12,16,21.4,11.1,238,0.8208,0.1261,4.75,0.368,0.319,-0.0566,0.943,27183.83,0.2085,1
syn_01837,46124.58,15173.42,0.329,23364.45,12,13,19.3,13.7,264,0.8301,0.1296,4.56,0.404,0.407,-0.0854,0.915,19354.48,0.1647,1
syn_01838,59203.78,6776.37,0.1145,49039.23,12,23,23.6,15.5,366,0.9327,0.0434,4.88,0.528,0.269,0.0797,1.08,26408.04,0.1029,0
syn_01839,73296.38,15009.49,0.2048,50782.14,12,27,27.2,14.6,396,0.9392,0.056,4.85,0.46,0.428,0.1382,1.138,30025.5,0.0891,1
syn_01840,20189.37,13069.86,0.6474,8075.75,5,5,13.6,10.1,137,0.7905,0.3306,4.15,0.326,0.28,-0.3064,0.694,8337.13,0.2434,1
syn_01841,71535.26,12626.99,0.1765,52594.78,12,42,22.2,21.2,469,0.9351,0.0415,4.76,0.641,0.225,-0.0337,0.966,34824.4,0.0431,0
syn_01842,74952.77,8670.45,0.1157,61947.09,12,30,29.0,16.2,469,0.9471,0.0161,4.91,0.643,0.385,-0.0013,0.999,41626.4,0.1155,0
syn_01843,68116.5,6313.01,0.0927,58646.99,12,36,25.3,15.3,387,0.9527,0.0489,4.79,0.484,0.441,-0.0253,0.975,27896.77,0.0796,0
syn_01844,70406.72,13770.08,0.1956,49751.6,12,35,24.8,19.2,476,0.9412,0.0318,4.96,0.31,0.226,0.14,1.14,36972.65,0.1345,0
syn_01845,47027.72,14447.49,0.3072,25356.49,12,12,19.0,13.1,248,0.8968,0.1028,4.55,0.553,0.446,0.0279,1.028,26569.62,0.1259,0
syn_01846,52657.99,4512.65,0.0857,45889.02,12,47,22.2,17.2,382,0.9258,0.0356,4.83,0.533,0.429,0.0171,1.017,29877.11,0.1656,0
syn_01847,66426.48,14366.47,0.2163,44876.78,12,47,22.2,19.6,433,0.9772,0.0127,4.88,0.317,0.234,0.1104,1.11,39008.11,0.1212,0
syn_01848,79243.49,7646.62,0.0965,67773.57,12,37,23.0,16.3,375,0.9785,0.0334,4.82,0.622,0.431,0.0622,1.062,41188.23,0.0674,0
syn_01849,38086.7,9331.8,0.245,24089.0,12,15,21.2,12.6,267,0.9102,0.0781,4.69,0.375,0.229,0.0075,1.007,17768.37,0.1469,1
syn_01850,55546.98,4632.36,0.0834,48598.43,12,40,24.8,17.3,429,0.9318,0.0122,4.79,0.378,0.298,0.0858,1.086,27162.06,0.0673,0
syn_01851,59166.48,7464.07,0.1262,47970.38,12,23,27.2,13.7,372,0.9802,0.0508,4.93,0.409,0.427,0.0119,1.012,33336.74,0.1759,0
syn_01852,21449.99,14094.85,0.6571,8580.0,12,13,16.6,6.9,115,0.7212,0.291,4.23,0.417,0.265,-0.1239,0.876,10624.19,0.227,1
syn_01853,44168.96,16730.85,0.3788,19072.68,11,11,19.5,10.4,202,0.8427,0.1018,4.5,0.64,0.405,-0.0278,0.972,25134.73,0.22,1
syn_01854,78122.89,11672.41,0.1494,60614.27,12,44,24.5,16.7,409,0.9434,0.0206,4.89,0.37,0.229,0.0625,1.063,45376.19,0.0917,0
syn_01855,29196.17,8499.4,0.2911,16447.06,12,14,21.4,12.7,271,0.8563,0.0773,4.66,0.609,0.427,0.0541,1.054,12770.97,0.2698,0
syn_01856,67890.15,13700.7,0.2018,47339.11,12,45,22.3,18.9,421,0.9794,0.0187,4.9,0.508,0.21,0.115,1.115,35231.64,0.0824,0
syn_01857,56392.57,6452.49,0.1144,46713.83,12,21,27.2,18.2,493,0.9735,0.0135,4.86,0.503,0.335,0.0148,1.015,25852.73,0.1888,0
syn_01858,56740.48,4695.68,0.0828,49696.96,12,38,22.5,21.6,485,0.9442,0.0534,4.97,0.361,0.36,0.1387,1.139,23889.51,0.1927,0
syn_01859,69681.32,11065.42,0.1588,53083.19,12,20,28.0,18.5,518,0.9602,0.032,4.86,0.415,0.258,0.1409,1.141,35590.17,0.0609,0
syn_01860,64167.19,7291.54,0.1136,53229.88,12,44,24.7,14.0,344,0.9833,0.0304,4.98,0.313,0.352,0.0195,1.02,35210.01,0.1641,0
syn_01861,74196.71,8512.97,0.1147,61427.25,12,31,24.2,20.6,497,0.9545,0.0514,4.84,0.482,0.407,0.0297,1.03,30920.05,0.0607,0
syn_01862,58071.3,11053.59,0.1903,41490.92,12,24,24.6,16.2,399,0.9899,0.0292,4.81,0.314,0.332,0.0746,1.075,34034.34,0.1759,0
syn_01863,62947.07,13205.98,0.2098,43138.1,12,27,27.0,21.4,578,0.9662,0.0104,4.81,0.431,0.263,0.1312,1.131,25409.88,0.1397,0
syn_01864,57960.22,5283.54,0.0912,50034.92,12,37,27.0,17.1,461,0.959,0.0328,4.95,0.442,0.331,0.0617,1.062,28857.52,0.1951,0
syn_01865,55183.84,9504.75,0.1722,40926.71,12,38,27.5,19.1,524,0.9537,0.0596,4.84,0.364,0.294,-0.0287,0.971,30768.29,0.1883,1
syn_01866,72468.04,13608.32,0.1878,52055.57,12,23,27.7,20.6,570,0.9494,0.0534,4.87,0.472,0.232,0.0441,1.044,40381.82,0.1306,0
syn_01867,76498.33,16732.58,0.2187,51399.46,12,22,24.5,15.6,382,0.9353,0.0512,4.8,0.632,0.409,0.1348,1.135,32173.24,0.1177,0
syn_01868,46437.52,18852.39,0.406,18575.01,12,18,20.6,9.0,186,0.8304,0.1372,4.52,0.416,0.252,-0.1009,0.899,22287.83,0.1159,1
syn_01869,29056.11,7166.29,0.2466,18306.68,12,22,20.5,13.8,283,0.8991,0.1248,4.72,0.618,0.375,-0.1,0.9,13857.66,0.1598,0
syn_01870,73114.8,7878.36,0.1078,61297.26,12,21,22.2,21.2,470,0.9824,0.0209,4.93,0.304,0.282,-0.0404,0.96,34749.03,0.0761,0
syn_01871,69471.43,9503.28,0.1368,55216.52,12,47,22.5,18.4,414,0.9649,0.0508,4.82,0.594,0.344,0.1463,1.146,37570.93,0.1001,0
syn_01872,64070.3,11662.03,0.182,46577.26,12,22,27.3,15.0,409,0.927,0.0292,4.96,0.489,0.398,0.0591,1.059,34295.07,0.0918,0
syn_01873,17173.79,10279.27,0.5985,6869.52,8,8,15.1,5.4,81,0.7945,0.3142,4.3,0.518,0.393,-0.1819,0.818,7979.81,0.4697,1
syn_01874,62153.58,8254.32,0.1328,49772.1,12,40,24.3,21.7,527,0.974,0.011,4.97,0.55,0.354,0.1051,1.105,36343.21,0.0699,0
syn_01875,54780.48,4770.34,0.0871,47624.97,12,31,25.6,16.1,413,0.958,0.0573,4.78,0.442,0.277,-0.0496,0.95,27798.81,0.0674,0
syn_01876,53368.13,10032.71,0.188,38319.06,12,36,26.0,15.4,401,0.9551,0.0581,4.75,0.673,0.361,-0.0101,0.99,25206.41,0.1318,0
syn_01877,25776.4,12914.75,0.501,10310.56,6,6,11.0,10.5,115,0.6657,0.338,4.29,0.613,0.24,-0.0522,0.948,11560.78,0.2792,1
syn_01878,51316.51,7288.3,0.142,40384.06,12,30,27.6,15.7,434,0.9503,0.058,4.76,0.591,0.215,0.0683,1.068,22980.74,0.1888,0
syn_01879,51010.08,4166.86,0.0817,44759.79,12,41,27.7,19.4,537,0.9489,0.057,4.93,0.615,0.238,0.1436,1.144,25695.88,0.2228,0
syn_01880,74191.95,14356.43,0.1935,52657.31,12,25,25.5,18.2,464,0.9779,0.0256,4.76,0.326,0.359,0.0465,1.047,32785.9,0.1513,0
syn_01881,36501.49,8930.85,0.2447,23105.22,12,18,22.4,10.7,238,0.8424,0.1334,4.75,0.375,0.331,0.0018,1.002,19568.96,0.2123,0
syn_01882,58477.89,11829.77,0.2023,40733.23,12,36,25.1,19.3,484,0.9645,0.0159,4.89,0.333,0.274,0.0601,1.06,24784.37,0.1896,0
syn_01883,23747.6,13648.32,0.5747,9499.04,3,3,14.2,6.3,89,0.6885,0.2304,4.14,0.383,0.303,-0.3276,0.672,11527.18,0.2081,1
syn_01884,51965.84,11055.93,0.2128,35381.94,12,38,22.6,21.5,486,0.9783,0.044,4.96,0.424,0.344,-0.0222,0.978,28558.84,0.0883,0
syn_01885,55884.32,9216.9,0.1649,42058.97,12,29,28.9,17.7,510,0.9498,0.0284,4.93,0.599,0.284,-0.0356,0.964,28859.58,0.2083,1
syn_01886,64750.66,11929.49,0.1842,46856.42,12,22,23.9,21.4,512,0.9336,0.0133,4.9,0.691,0.43,0.1199,1.12,28915.43,0.1788,0
syn_01887,65776.56,9337.3,0.142,51770.6,12,34,28.9,13.5,391,0.9639,0.0203,4.87,0.61,0.405,0.1059,1.106,34291.17,0.0794,0
syn_01888,51040.1,4249.07,0.0832,44666.48,12,37,25.8,15.0,388,0.9255,0.0465,4.86,0.405,0.35,0.1093,1.109,23174.19,0.1759,0
syn_01889,64733.45,7235.81,0.1118,53879.73,12,42,26.4,21.5,567,0.9257,0.0155,4.94,0.665,0.392,-0.0281,0.972,34335.52,0.0518,0
syn_01890,16096.28,11038.35,0.6858,6438.51,8,8,9.0,9.7,87,0.6553,0.2999,4.49,0.368,0.368,-0.2332,0.767,8929.32,0.3544,1
syn_01891,62761.14,9788.37,0.156,48078.59,12,27,23.0,19.4,445,0.9818,0.0239,4.79,0.693,0.273,0.1021,1.102,37138.84,0.0741,0
syn_01892,25646.7,13865.79,0.5406,10258.68,4,4,9.6,9.4,90,0.8017,0.1742,4.4,0.371,0.318,-0.2165,0.784,11726.04,0.3224,1
syn_01893,23175.36,8896.25,0.3839,9830.98,6,6,14.7,8.6,126,0.7716,0.33,4.16,0.391,0.254,-0.2715,0.728,13180.83,0.409,1
syn_01894,41231.27,13132.39,0.3185,21532.68,10,10,18.7,10.8,202,0.9148,0.1057,4.64,0.639,0.284,0.0683,1.068,16840.06,0.1922,1
syn_01895,33429.76,10087.97,0.3018,18297.81,12,21,21.1,9.6,202,0.8956,0.0699,4.73,0.3,0.422,-0.0864,0.914,19274.57,0.223,1
syn_01896,63058.53,9669.6,0.1533,48554.13,12,41,23.5,18.5,433,0.9576,0.0182,4.8,0.572,0.279,-0.0366,0.963,37661.38,0.057,0
syn_01897,66415.06,8494.49,0.1279,53673.32,12,21,26.7,19.7,525,0.9609,0.0238,4.87,0.431,0.224,0.0004,1.0,29669.13,0.1675,0
syn_01898,75735.0,12468.96,0.1646,57031.55,12,43,24.8,18.9,466,0.9733,0.0306,4.86,0.35,0.413,0.0861,1.086,33459.57,0.1438,0
syn_01899,39685.56,15920.62,0.4012,15874.22,12,14,22.4,13.7,306,0.841,0.1257,4.53,0.324,0.376,0.0556,1.056,18554.2,0.1233,1
syn_01900,79733.55,12969.14,0.1627,60279.85,12,27,27.0,17.7,478,0.9739,0.0476,4.9,0.45,0.314,0.1495,1.15,36578.69,0.0895,0
syn_01901,19358.84,10368.37,0.5356,7743.54,3,3,9.0,10.4,93,0.6987,0.1941,4.44,0.332,0.277,-0.2666,0.733,8434.64,0.4023,1
syn_01902,60633.03,9579.03,0.158,46264.49,12,33,24.1,17.4,418,0.9434,0.0198,4.9,0.575,0.214,0.0847,1.085,25772.05,0.1726,0
syn_01903,55454.44,7196.83,0.1298,44659.2,12,42,23.0,14.8,339,0.9743,0.0231,4.85,0.577,0.382,-0.0197,0.98,25195.51,0.1641,0
syn_01904,16218.24,7528.04,0.4642,6487.29,5,5,10.0,6.0,60,0.7068,0.2269,4.48,0.672,0.388,-0.2913,0.709,7103.09,0.5771,1
syn_01905,38209.0,15531.85,0.4065,15283.6,12,15,18.6,9.3,172,0.8963,0.1116,4.7,0.475,0.251,-0.1326,0.867,21032.48,0.2022,1
syn_01906,19627.19,11423.8,0.582,7850.88,3,3,16.3,10.2,166,0.8022,0.1532,4.45,0.461,0.359,-0.116,0.884,10553.24,0.4592,1
syn_01907,65492.38,8502.86,0.1298,52738.1,12,30,27.5,18.7,515,0.9683,0.0216,4.97,0.439,0.436,0.082,1.082,29465.15,0.0729,0
syn_01908,79761.98,9756.71,0.1223,65126.92,12,22,26.8,15.1,403,0.9585,0.0293,4.97,0.341,0.409,0.0366,1.037,32785.9,0.1035,0
syn_01909,60001.54,8169.59,0.1362,47747.16,12,35,23.1,18.2,419,0.9583,0.0195,4.87,0.519,0.245,0.1446,1.145,30228.98,0.1572,0
syn_01910,35216.37,10810.85,0.307,19000.1,12,23,19.0,10.7,202,0.8994,0.1156,4.52,0.547,0.219,0.0429,1.043,14233.39,0.1455,1
syn_01911,63270.67,13074.54,0.2066,43658.87,12,42,26.0,21.4,555,0.9888,0.0327,4.88,0.606,0.278,0.117,1.117,27059.23,0.0789,0
syn_01912,33492.29,13750.32,0.4106,13396.91,12,16,21.4,14.9,318,0.8564,0.1184,4.65,0.47,0.44,0.0081,1.008,18141.3,0.1263,0
syn_01913,70322.59,13269.53,0.1887,50418.3,12,47,24.8,21.2,524,0.9582,0.044,4.77,0.312,0.321,0.0763,1.076,39686.09,0.1552,0
syn_01914,48584.82,4237.84,0.0872,42228.05,12,32,22.1,18.6,410,0.9592,0.0217,4.9,0.314,0.294,0.1268,1.127,21066.44,0.1131,0
syn_01915,57188.18,12443.13,0.2176,38523.48,12,39,26.8,16.4,438,0.9268,0.0191,4.86,0.459,0.391,0.0489,1.049,26007.16,0.1733,1
syn_01916,79236.97,13074.87,0.165,59624.66,12,43,23.0,16.4,377,0.9207,0.0401,4.94,0.407,0.418,0.076,1.076,34865.79,0.1271,0
syn_01917,47745.89,19577.56,0.41,19098.36,12,12,20.0,14.1,281,0.8461,0.0974,4.55,0.454,0.302,-0.0304,0.97,26615.35,0.1461,1
syn_01918,58840.84,6053.11,0.1029,49761.18,12,25,24.8,21.1,524,0.9357,0.0442,4.78,0.576,0.351,0.0208,1.021,24277.39,0.1001,0
syn_01919,59067.82,5095.55,0.0863,51424.49,12,46,24.1,16.0,386,0.9265,0.041,4.83,0.369,0.228,0.0758,1.076,23839.2,0.0518,0
syn_01920,53383.43,9307.93,0.1744,39421.53,12,25,24.9,17.8,445,0.9233,0.0531,4.79,0.577,0.369,0.022,1.022,30569.56,0.0683,0
syn_01921,38143.54,11820.01,0.3099,20413.52,12,23,17.7,9.6,170,0.8748,0.0883,4.63,0.698,0.286,-0.1026,0.897,15259.73,0.2367,1
syn_01922,40495.92,14617.75,0.361,18569.29,11,11,21.2,10.2,217,0.9049,0.0979,4.55,0.302,0.234,-0.0252,0.975,16464.93,0.2267,1
syn_01923,60257.12,7676.1,0.1274,48742.97,12,21,22.8,20.9,477,0.9631,0.0498,4.84,0.66,0.317,0.032,1.032,30870.61,0.0972,0
syn_01924,71521.24,12131.27,0.1696,53324.33,12,46,27.2,13.7,372,0.9247,0.0177,4.78,0.447,0.217,0.0341,1.034,30689.4,0.0618,0
syn_01925,42864.41,16312.12,0.3806,18396.23,9,9,19.8,9.9,196,0.8987,0.0877,4.56,0.427,0.234,-0.0418,0.958,23169.3,0.2225,1
syn_01926,71562.8,12758.45,0.1783,52425.13,12,26,28.7,19.5,559,0.9686,0.0447,4.95,0.665,0.334,0.0092,1.009,32329.01,0.0797,0
syn_01927,57994.26,12460.59,0.2149,39303.38,12,41,28.9,19.0,548,0.928,0.0232,4.87,0.317,0.253,0.1203,1.12,33585.6,0.0804,0
syn_01928,44147.99,16644.39,0.377,19181.4,12,21,16.9,11.4,192,0.9185,0.149,4.65,0.568,0.44,0.0131,1.013,22516.11,0.2199,1
syn_01929,36454.98,8723.41,0.2393,23369.87,12,20,17.2,14.9,255,0.8693,0.0611,4.74,0.314,0.41,-0.0355,0.964,17874.18,0.2474,0
syn_01930,59926.7,12334.81,0.2058,41424.49,12,29,25.5,17.0,434,0.9773,0.0124,4.77,0.499,0.255,-0.0457,0.954,29656.33,0.1534,0
syn_01931,46713.8,12616.69,0.2701,27788.77,12,12,17.2,12.0,205,0.8251,0.0633,4.62,0.532,0.378,-0.1005,0.899,25262.29,0.0868,1
syn_01932,30751.92,9837.46,0.3199,15995.73,12,14,22.2,11.8,262,0.8396,0.0684,4.74,0.371,0.334,0.0209,1.021,16634.62,0.1911,0
syn_01933,28798.05,7647.37,0.2656,17326.99,12,14,22.3,12.1,270,0.9015,0.11,4.74,0.629,0.246,0.0591,1.059,15445.69,0.2395,1
syn_01934,55893.88,7913.36,0.1416,44023.85,12,38,28.7,18.6,535,0.9864,0.0461,4.92,0.699,0.267,0.0684,1.068,27726.56,0.0766,0
syn_01935,64350.36,5340.4,0.083,56339.76,12,36,22.9,20.3,464,0.9539,0.0173,4.86,0.618,0.264,0.0006,1.001,26284.22,0.0779,0
syn_01936,59437.23,9476.47,0.1594,45222.53,12,43,25.7,16.6,427,0.9648,0.0337,4.75,0.582,0.303,0.1129,1.113,30145.5,0.0676,0
syn_01937,41068.91,15822.53,0.3853,17335.12,10,10,22.2,12.5,277,0.8513,0.0747,4.59,0.51,0.301,-0.0258,0.974,16817.6,0.1261,1
syn_01938,79798.15,10464.75,0.1311,64101.03,12,36,25.9,16.0,412,0.9814,0.0532,4.79,0.454,0.333,0.13,1.13,46355.7,0.0547,0
syn_01939,33859.06,10570.17,0.3122,18003.82,8,8,17.9,9.3,166,0.8287,0.1322,4.73,0.502,0.439,-0.115,0.885,15898.53,0.1623,1
syn_01940,62111.32,13255.26,0.2134,42228.42,12,47,25.2,17.8,448,0.9763,0.0461,4.89,0.535,0.416,0.0334,1.033,25487.65,0.1631,1
syn_01941,45901.22,16992.18,0.3702,20412.95,12,20,21.0,14.8,310,0.9064,0.1334,4.52,0.608,0.419,-0.095,0.905,21026.8,0.1599,1
syn_01942,19843.0,10122.84,0.5101,7937.2,7,7,12.0,9.0,108,0.7109,0.1443,4.28,0.481,0.269,-0.2828,0.717,10037.21,0.234,1
syn_01943,38944.64,13606.45,0.3494,18534.97,12,23,22.4,11.2,252,0.8367,0.0855,4.6,0.381,0.424,-0.0016,0.998,16719.84,0.1034,0
syn_01944,77364.91,6332.5,0.0819,67866.16,12,27,23.4,16.8,392,0.9691,0.0424,4.9,0.554,0.312,0.126,1.126,38339.55,0.0529,0
syn_01945,51806.12,6633.87,0.1281,41855.31,12,19,22.8,16.8,384,0.9325,0.049,4.95,0.645,0.324,0.0279,1.028,21204.28,0.1467,0
syn_01946,78881.53,10543.14,0.1337,63066.82,12,47,28.7,14.3,409,0.9676,0.0196,4.81,0.391,0.371,0.1059,1.106,47216.47,0.0811,0
syn_01947,56546.98,7635.2,0.135,45094.18,12,43,24.1,18.8,452,0.9271,0.0339,4.83,0.695,0.209,0.1268,1.127,24544.84,0.0647,0
syn_01948,58867.41,7444.43,0.1265,47700.77,12,29,28.3,13.2,372,0.9742,0.0226,4.84,0.419,0.405,0.034,1.034,34218.93,0.0976,0
syn_01949,57243.83,11659.71,0.2037,39754.26,12,40,25.0,14.5,363,0.989,0.0188,4.88,0.483,0.224,0.0639,1.064,23452.93,0.111,0
syn_01950,31806.9,10071.64,0.3166,16699.44,12,14,22.5,10.0,225,0.9049,0.0976,4.53,0.456,0.404,0.0451,1.045,17231.26,0.3087,1
syn_01951,70588.79,9655.81,0.1368,56105.08,12,24,24.3,20.9,506,0.9842,0.0574,4.81,0.593,0.397,0.1325,1.133,40176.11,0.1365,0
syn_01952,53723.41,11417.89,0.2125,36596.58,12,36,26.7,13.9,370,0.9331,0.0432,4.86,0.517,0.439,0.0973,1.097,25164.93,0.1029,0
syn_01953,47775.24,12009.42,0.2514,29761.11,8,8,21.0,12.2,256,0.8494,0.076,4.54,0.446,0.332,0.0474,1.047,24220.66,0.1934,0
syn_01954,45932.96,13023.48,0.2835,26397.75,12,15,20.0,10.8,216,0.8953,0.0692,4.55,0.509,0.247,0.0343,1.034,21811.3,0.111,0
syn_01955,59253.15,10742.1,0.1813,43140.0,12,42,27.4,17.5,480,0.9748,0.0258,4.87,0.618,0.321,0.0873,1.087,32309.3,0.0762,0
syn_01956,19091.03,9669.25,0.5065,7636.41,11,11,14.3,10.4,148,0.6804,0.2481,4.15,0.66,0.442,-0.2662,0.734,11157.81,0.4154,1
syn_01957,77643.85,7204.71,0.0928,66836.8,12,40,24.9,21.3,529,0.9342,0.0567,4.87,0.493,0.222,-0.03,0.97,41519.88,0.0908,0
syn_01958,44418.12,17097.37,0.3849,18772.06,12,15,18.2,9.0,164,0.9111,0.1285,4.53,0.338,0.441,0.0114,1.011,26404.27,0.0928,1
syn_01959,15828.22,7660.02,0.4839,6331.29,10,10,12.0,7.9,94,0.6787,0.2613,4.28,0.66,0.375,-0.0658,0.934,7706.84,0.58,1
syn_01960,77912.36,9998.02,0.1283,62915.33,12,35,23.3,21.5,500,0.9523,0.0309,4.81,0.479,0.245,0.1283,1.128,40467.83,0.1362,0
syn_01961,51170.46,10952.78,0.214,34741.29,12,29,22.3,16.6,370,0.9314,0.0444,4.77,0.593,0.254,0.0594,1.059,20979.28,0.1946,0
syn_01962,74237.02,14737.76,0.1985,52130.38,12,47,28.0,18.6,520,0.9721,0.0279,4.98,0.527,0.288,0.0059,1.006,40354.33,0.1119,0
syn_01963,38845.13,9503.86,0.2447,24589.35,12,16,19.1,13.9,264,0.8515,0.0999,4.62,0.486,0.389,0.0484,1.048,22528.6,0.2042,0
syn_01964,76163.53,15588.83,0.2047,52780.28,12,40,25.2,20.7,522,0.9271,0.0151,4.88,0.541,0.414,0.0804,1.08,38505.54,0.0575,0
syn_01965,47875.88,16880.41,0.3526,22555.26,12,14,21.7,13.0,282,0.9189,0.1339,4.63,0.523,0.41,-0.0656,0.934,23074.05,0.169,1
syn_01966,32911.09,7415.91,0.2253,21787.23,9,9,16.1,10.3,166,0.8999,0.1414,4.6,0.323,0.262,-0.0205,0.98,13474.21,0.2503,1
syn_01967,70735.79,8711.8,0.1232,57668.09,12,36,28.0,17.1,477,0.9899,0.01,4.78,0.466,0.401,0.0104,1.01,31373.59,0.0457,0
syn_01968,69009.53,9293.39,0.1347,55069.44,12,25,23.0,13.6,312,0.9751,0.0438,4.84,0.636,0.328,0.1292,1.129,31602.28,0.0971,0
syn_01969,40943.94,11116.71,0.2715,24268.88,12,14,19.0,10.3,195,0.8238,0.113,4.72,0.508,0.405,-0.1441,0.856,20798.01,0.1264,1
syn_01970,69232.47,6805.82,0.0983,59023.74,12,28,23.7,17.8,421,0.9867,0.0244,4.86,0.638,0.447,0.03,1.03,40544.06,0.16,0
syn_01971,36236.49,10520.77,0.2903,20455.33,12,14,20.2,13.4,271,0.9019,0.0975,4.68,0.349,0.321,0.0607,1.061,16639.58,0.2629,1
syn_01972,68662.49,10545.61,0.1536,52844.07,12,35,22.3,13.5,300,0.9279,0.0177,4.98,0.561,0.244,0.0189,1.019,40479.74,0.082,0
syn_01973,17994.15,9635.36,0.5355,7197.66,11,11,12.7,7.1,89,0.789,0.1629,4.27,0.37,0.219,-0.2216,0.778,7696.64,0.3803,1
syn_01974,59558.93,6930.25,0.1164,49163.56,12,24,22.6,18.0,408,0.9219,0.0583,4.83,0.633,0.26,0.089,1.089,32410.72,0.1728,0
syn_01975,17821.01,11220.22,0.6296,7128.4,3,3,10.6,9.2,96,0.7954,0.3414,4.3,0.527,0.304,-0.0587,0.941,9915.15,0.368,1
syn_01976,63994.6,7387.87,0.1154,52912.8,12,46,27.3,16.0,438,0.9771,0.0128,4.83,0.649,0.329,-0.0311,0.969,29970.08,0.0589,0
syn_01977,67968.54,13046.1,0.1919,48399.38,12,39,26.5,14.5,384,0.9669,0.0296,4.86,0.539,0.302,0.1343,1.134,32462.33,0.0918,0
syn_01978,48949.93,5941.64,0.1214,40037.47,12,42,27.7,21.3,589,0.9489,0.0544,4.8,0.324,0.223,-0.0057,0.994,20527.08,0.2169,0
syn_01979,64319.74,9248.05,0.1438,50447.67,12,40,26.1,21.0,548,0.9263,0.0447,4.96,0.393,0.369,-0.0073,0.993,29612.49,0.1639,0
syn_01980,59805.31,10411.12,0.1741,44188.63,12,29,22.6,14.8,336,0.934,0.0154,4.8,0.321,0.44,0.0714,1.071,27985.26,0.1603,0
syn_01981,77212.5,13719.8,0.1777,56632.81,12,38,23.5,15.8,372,0.9221,0.0406,4.89,0.555,0.324,0.0951,1.095,33697.99,0.0401,0
syn_01982,73006.6,7434.66,0.1018,61854.62,12,20,23.2,20.5,475,0.9628,0.0402,4.86,0.386,0.214,0.0638,1.064,29672.42,0.1153,0
syn_01983,30224.78,8853.07,0.2929,16945.17,12,16,17.3,11.0,189,0.9151,0.1215,4.5,0.507,0.401,-0.0919,0.908,13813.52,0.1344,1
syn_01984,38605.17,12786.02,0.3312,19426.13,11,11,19.2,10.1,193,0.8423,0.0853,4.5,0.576,0.445,0.0609,1.061,17838.54,0.2102,1
syn_01985,59504.93,11877.21,0.1996,41689.11,12,39,28.0,21.1,591,0.9204,0.0249,4.78,0.371,0.292,0.0408,1.041,32657.45,0.1254,0
syn_01986,29560.58,11506.51,0.3893,12300.82,12,17,20.2,14.2,287,0.9068,0.1091,4.73,0.488,0.253,0.0451,1.045,12708.1,0.3298,1
syn_01987,18662.72,9128.29,0.4891,7465.09,10,10,14.5,7.9,113,0.6639,0.1697,4.41,0.536,0.385,-0.2514,0.749,8336.18,0.3771,1
syn_01988,75848.9,16094.47,0.2122,51707.19,12,29,25.2,13.7,345,0.938,0.0216,4.8,0.548,0.349,0.0488,1.049,43650.89,0.1088,0
syn_01989,27076.47,12769.32,0.4716,10830.59,9,9,10.9,8.1,88,0.7365,0.1876,4.39,0.434,0.446,-0.3411,0.659,13770.13,0.2937,0
syn_01990,62535.01,12200.54,0.1951,44234.21,12,38,27.5,20.2,556,0.9266,0.0511,4.8,0.387,0.228,-0.0449,0.955,31526.59,0.0793,0
syn_01991,40017.41,14334.69,0.3582,18515.37,12,23,19.9,13.7,272,0.9176,0.109,4.6,0.464,0.364,0.0479,1.048,22976.54,0.2454,1
syn_01992,79752.85,13486.62,0.1691,59522.93,12,28,28.1,20.3,569,0.9657,0.052,4.82,0.411,0.272,0.0774,1.077,37923.76,0.1043,0
syn_01993,47081.35,12497.18,0.2654,28335.59,12,23,18.1,9.2,167,0.8599,0.1351,4.73,0.614,0.346,-0.0956,0.904,26169.23,0.1188,1
syn_01994,48288.02,9142.73,0.1893,34573.92,12,24,27.9,19.9,556,0.9252,0.0481,4.76,0.572,0.238,-0.0289,0.971,24374.37,0.1442,0
syn_01995,51957.52,6248.95,0.1203,42584.11,12,26,27.1,15.2,411,0.9785,0.0335,4.82,0.395,0.394,0.0325,1.032,25804.26,0.1806,0
syn_01996,19593.46,7821.35,0.3992,7861.43,8,8,14.5,6.7,96,0.6594,0.2798,4.3,0.646,0.278,-0.3464,0.654,9016.12,0.258,1
syn_01997,64781.67,7963.59,0.1229,52836.29,12,40,24.8,13.2,327,0.9664,0.0283,4.91,0.348,0.395,0.0756,1.076,28596.02,0.1368,0
syn_01998,45253.64,15286.71,0.3378,22323.58,11,11,19.4,9.1,176,0.8583,0.1177,4.52,0.513,0.211,-0.0443,0.956,20666.99,0.2201,1
syn_01999,23871.26,9827.41,0.4117,9548.5,12,13,10.7,6.1,65,0.7383,0.1836,4.39,0.435,0.203,-0.1864,0.814,10770.44,0.1922,1
syn_02000,20495.49,8421.98,0.4109,8198.2,9,9,14.6,6.7,97,0.818,0.3396,4.41,0.329,0.443,-0.0587,0.941,11149.89,0.2453,1
